label,split_file,embedding_file
microwave,data/split_5s/microwave/microwave_11_seg000.wav,data/embeddings/microwave/microwave_11_seg000.npy
microwave,data/split_5s/microwave/microwave_11_seg001.wav,data/embeddings/microwave/microwave_11_seg001.npy
microwave,data/split_5s/microwave/microwave_11_seg002.wav,data/embeddings/microwave/microwave_11_seg002.npy
microwave,data/split_5s/microwave/microwave_12_seg000.wav,data/embeddings/microwave/microwave_12_seg000.npy
microwave,data/split_5s/microwave/microwave_13_seg000.wav,data/embeddings/microwave/microwave_13_seg000.npy
microwave,data/split_5s/microwave/microwave_13_seg001.wav,data/embeddings/microwave/microwave_13_seg001.npy
microwave,data/split_5s/microwave/microwave_13_seg002.wav,data/embeddings/microwave/microwave_13_seg002.npy
microwave,data/split_5s/microwave/microwave_14_seg000.wav,data/embeddings/microwave/microwave_14_seg000.npy
microwave,data/split_5s/microwave/microwave_15_seg000.wav,data/embeddings/microwave/microwave_15_seg000.npy
microwave,data/split_5s/microwave/microwave_15_seg001.wav,data/embeddings/microwave/microwave_15_seg001.npy
microwave,data/split_5s/microwave/microwave_15_seg002.wav,data/embeddings/microwave/microwave_15_seg002.npy
microwave,data/split_5s/microwave/microwave_15_seg003.wav,data/embeddings/microwave/microwave_15_seg003.npy
microwave,data/split_5s/microwave/microwave_15_seg004.wav,data/embeddings/microwave/microwave_15_seg004.npy
microwave,data/split_5s/microwave/microwave_15_seg005.wav,data/embeddings/microwave/microwave_15_seg005.npy
microwave,data/split_5s/microwave/microwave_15_seg006.wav,data/embeddings/microwave/microwave_15_seg006.npy
microwave,data/split_5s/microwave/microwave_15_seg007.wav,data/embeddings/microwave/microwave_15_seg007.npy
microwave,data/split_5s/microwave/microwave_15_seg008.wav,data/embeddings/microwave/microwave_15_seg008.npy
microwave,data/split_5s/microwave/microwave_15_seg009.wav,data/embeddings/microwave/microwave_15_seg009.npy
microwave,data/split_5s/microwave/microwave_15_seg010.wav,data/embeddings/microwave/microwave_15_seg010.npy
microwave,data/split_5s/microwave/microwave_15_seg011.wav,data/embeddings/microwave/microwave_15_seg011.npy
microwave,data/split_5s/microwave/microwave_15_seg012.wav,data/embeddings/microwave/microwave_15_seg012.npy
microwave,data/split_5s/microwave/microwave_15_seg013.wav,data/embeddings/microwave/microwave_15_seg013.npy
microwave,data/split_5s/microwave/microwave_15_seg014.wav,data/embeddings/microwave/microwave_15_seg014.npy
microwave,data/split_5s/microwave/microwave_15_seg015.wav,data/embeddings/microwave/microwave_15_seg015.npy
microwave,data/split_5s/microwave/microwave_15_seg016.wav,data/embeddings/microwave/microwave_15_seg016.npy
microwave,data/split_5s/microwave/microwave_15_seg017.wav,data/embeddings/microwave/microwave_15_seg017.npy
microwave,data/split_5s/microwave/microwave_15_seg018.wav,data/embeddings/microwave/microwave_15_seg018.npy
microwave,data/split_5s/microwave/microwave_15_seg019.wav,data/embeddings/microwave/microwave_15_seg019.npy
microwave,data/split_5s/microwave/microwave_15_seg020.wav,data/embeddings/microwave/microwave_15_seg020.npy
microwave,data/split_5s/microwave/microwave_15_seg021.wav,data/embeddings/microwave/microwave_15_seg021.npy
microwave,data/split_5s/microwave/microwave_15_seg022.wav,data/embeddings/microwave/microwave_15_seg022.npy
microwave,data/split_5s/microwave/microwave_15_seg023.wav,data/embeddings/microwave/microwave_15_seg023.npy
microwave,data/split_5s/microwave/microwave_15_seg024.wav,data/embeddings/microwave/microwave_15_seg024.npy
microwave,data/split_5s/microwave/microwave_15_seg025.wav,data/embeddings/microwave/microwave_15_seg025.npy
microwave,data/split_5s/microwave/microwave_15_seg026.wav,data/embeddings/microwave/microwave_15_seg026.npy
microwave,data/split_5s/microwave/microwave_15_seg027.wav,data/embeddings/microwave/microwave_15_seg027.npy
microwave,data/split_5s/microwave/microwave_15_seg028.wav,data/embeddings/microwave/microwave_15_seg028.npy
microwave,data/split_5s/microwave/microwave_15_seg029.wav,data/embeddings/microwave/microwave_15_seg029.npy
microwave,data/split_5s/microwave/microwave_15_seg030.wav,data/embeddings/microwave/microwave_15_seg030.npy
microwave,data/split_5s/microwave/microwave_16_seg000.wav,data/embeddings/microwave/microwave_16_seg000.npy
microwave,data/split_5s/microwave/microwave_16_seg001.wav,data/embeddings/microwave/microwave_16_seg001.npy
microwave,data/split_5s/microwave/microwave_16_seg002.wav,data/embeddings/microwave/microwave_16_seg002.npy
microwave,data/split_5s/microwave/microwave_16_seg003.wav,data/embeddings/microwave/microwave_16_seg003.npy
microwave,data/split_5s/microwave/microwave_16_seg004.wav,data/embeddings/microwave/microwave_16_seg004.npy
microwave,data/split_5s/microwave/microwave_16_seg005.wav,data/embeddings/microwave/microwave_16_seg005.npy
microwave,data/split_5s/microwave/microwave_17_seg000.wav,data/embeddings/microwave/microwave_17_seg000.npy
microwave,data/split_5s/microwave/microwave_17_seg001.wav,data/embeddings/microwave/microwave_17_seg001.npy
microwave,data/split_5s/microwave/microwave_18_seg000.wav,data/embeddings/microwave/microwave_18_seg000.npy
microwave,data/split_5s/microwave/microwave_19_seg000.wav,data/embeddings/microwave/microwave_19_seg000.npy
microwave,data/split_5s/microwave/microwave_19_seg001.wav,data/embeddings/microwave/microwave_19_seg001.npy
microwave,data/split_5s/microwave/microwave_19_seg002.wav,data/embeddings/microwave/microwave_19_seg002.npy
microwave,data/split_5s/microwave/microwave_19_seg003.wav,data/embeddings/microwave/microwave_19_seg003.npy
microwave,data/split_5s/microwave/microwave_19_seg004.wav,data/embeddings/microwave/microwave_19_seg004.npy
microwave,data/split_5s/microwave/microwave_19_seg005.wav,data/embeddings/microwave/microwave_19_seg005.npy
microwave,data/split_5s/microwave/microwave_19_seg006.wav,data/embeddings/microwave/microwave_19_seg006.npy
microwave,data/split_5s/microwave/microwave_19_seg007.wav,data/embeddings/microwave/microwave_19_seg007.npy
microwave,data/split_5s/microwave/microwave_19_seg008.wav,data/embeddings/microwave/microwave_19_seg008.npy
microwave,data/split_5s/microwave/microwave_19_seg009.wav,data/embeddings/microwave/microwave_19_seg009.npy
microwave,data/split_5s/microwave/microwave_19_seg010.wav,data/embeddings/microwave/microwave_19_seg010.npy
microwave,data/split_5s/microwave/microwave_19_seg011.wav,data/embeddings/microwave/microwave_19_seg011.npy
microwave,data/split_5s/microwave/microwave_19_seg012.wav,data/embeddings/microwave/microwave_19_seg012.npy
microwave,data/split_5s/microwave/microwave_19_seg013.wav,data/embeddings/microwave/microwave_19_seg013.npy
microwave,data/split_5s/microwave/microwave_1_seg000.wav,data/embeddings/microwave/microwave_1_seg000.npy
microwave,data/split_5s/microwave/microwave_1_seg001.wav,data/embeddings/microwave/microwave_1_seg001.npy
microwave,data/split_5s/microwave/microwave_1_seg002.wav,data/embeddings/microwave/microwave_1_seg002.npy
microwave,data/split_5s/microwave/microwave_1_seg003.wav,data/embeddings/microwave/microwave_1_seg003.npy
microwave,data/split_5s/microwave/microwave_1_seg004.wav,data/embeddings/microwave/microwave_1_seg004.npy
microwave,data/split_5s/microwave/microwave_1_seg005.wav,data/embeddings/microwave/microwave_1_seg005.npy
microwave,data/split_5s/microwave/microwave_1_seg006.wav,data/embeddings/microwave/microwave_1_seg006.npy
microwave,data/split_5s/microwave/microwave_1_seg007.wav,data/embeddings/microwave/microwave_1_seg007.npy
microwave,data/split_5s/microwave/microwave_1_seg008.wav,data/embeddings/microwave/microwave_1_seg008.npy
microwave,data/split_5s/microwave/microwave_1_seg009.wav,data/embeddings/microwave/microwave_1_seg009.npy
microwave,data/split_5s/microwave/microwave_1_seg010.wav,data/embeddings/microwave/microwave_1_seg010.npy
microwave,data/split_5s/microwave/microwave_1_seg011.wav,data/embeddings/microwave/microwave_1_seg011.npy
microwave,data/split_5s/microwave/microwave_1_seg012.wav,data/embeddings/microwave/microwave_1_seg012.npy
microwave,data/split_5s/microwave/microwave_1_seg013.wav,data/embeddings/microwave/microwave_1_seg013.npy
microwave,data/split_5s/microwave/microwave_1_seg014.wav,data/embeddings/microwave/microwave_1_seg014.npy
microwave,data/split_5s/microwave/microwave_1_seg015.wav,data/embeddings/microwave/microwave_1_seg015.npy
microwave,data/split_5s/microwave/microwave_1_seg016.wav,data/embeddings/microwave/microwave_1_seg016.npy
microwave,data/split_5s/microwave/microwave_1_seg017.wav,data/embeddings/microwave/microwave_1_seg017.npy
microwave,data/split_5s/microwave/microwave_1_seg018.wav,data/embeddings/microwave/microwave_1_seg018.npy
microwave,data/split_5s/microwave/microwave_1_seg019.wav,data/embeddings/microwave/microwave_1_seg019.npy
microwave,data/split_5s/microwave/microwave_1_seg020.wav,data/embeddings/microwave/microwave_1_seg020.npy
microwave,data/split_5s/microwave/microwave_1_seg021.wav,data/embeddings/microwave/microwave_1_seg021.npy
microwave,data/split_5s/microwave/microwave_1_seg022.wav,data/embeddings/microwave/microwave_1_seg022.npy
microwave,data/split_5s/microwave/microwave_1_seg023.wav,data/embeddings/microwave/microwave_1_seg023.npy
microwave,data/split_5s/microwave/microwave_1_seg024.wav,data/embeddings/microwave/microwave_1_seg024.npy
microwave,data/split_5s/microwave/microwave_20_seg000.wav,data/embeddings/microwave/microwave_20_seg000.npy
microwave,data/split_5s/microwave/microwave_20_seg001.wav,data/embeddings/microwave/microwave_20_seg001.npy
microwave,data/split_5s/microwave/microwave_20_seg002.wav,data/embeddings/microwave/microwave_20_seg002.npy
microwave,data/split_5s/microwave/microwave_21_seg000.wav,data/embeddings/microwave/microwave_21_seg000.npy
microwave,data/split_5s/microwave/microwave_2_seg000.wav,data/embeddings/microwave/microwave_2_seg000.npy
microwave,data/split_5s/microwave/microwave_2_seg001.wav,data/embeddings/microwave/microwave_2_seg001.npy
microwave,data/split_5s/microwave/microwave_3_seg000.wav,data/embeddings/microwave/microwave_3_seg000.npy
microwave,data/split_5s/microwave/microwave_3_seg001.wav,data/embeddings/microwave/microwave_3_seg001.npy
microwave,data/split_5s/microwave/microwave_3_seg002.wav,data/embeddings/microwave/microwave_3_seg002.npy
microwave,data/split_5s/microwave/microwave_3_seg003.wav,data/embeddings/microwave/microwave_3_seg003.npy
microwave,data/split_5s/microwave/microwave_3_seg004.wav,data/embeddings/microwave/microwave_3_seg004.npy
microwave,data/split_5s/microwave/microwave_3_seg005.wav,data/embeddings/microwave/microwave_3_seg005.npy
microwave,data/split_5s/microwave/microwave_3_seg006.wav,data/embeddings/microwave/microwave_3_seg006.npy
microwave,data/split_5s/microwave/microwave_3_seg007.wav,data/embeddings/microwave/microwave_3_seg007.npy
microwave,data/split_5s/microwave/microwave_3_seg008.wav,data/embeddings/microwave/microwave_3_seg008.npy
microwave,data/split_5s/microwave/microwave_3_seg009.wav,data/embeddings/microwave/microwave_3_seg009.npy
microwave,data/split_5s/microwave/microwave_3_seg010.wav,data/embeddings/microwave/microwave_3_seg010.npy
microwave,data/split_5s/microwave/microwave_3_seg011.wav,data/embeddings/microwave/microwave_3_seg011.npy
microwave,data/split_5s/microwave/microwave_3_seg012.wav,data/embeddings/microwave/microwave_3_seg012.npy
microwave,data/split_5s/microwave/microwave_4_seg000.wav,data/embeddings/microwave/microwave_4_seg000.npy
microwave,data/split_5s/microwave/microwave_4_seg001.wav,data/embeddings/microwave/microwave_4_seg001.npy
microwave,data/split_5s/microwave/microwave_4_seg002.wav,data/embeddings/microwave/microwave_4_seg002.npy
microwave,data/split_5s/microwave/microwave_4_seg003.wav,data/embeddings/microwave/microwave_4_seg003.npy
microwave,data/split_5s/microwave/microwave_6_seg000.wav,data/embeddings/microwave/microwave_6_seg000.npy
microwave,data/split_5s/microwave/microwave_6_seg001.wav,data/embeddings/microwave/microwave_6_seg001.npy
microwave,data/split_5s/microwave/microwave_7_seg000.wav,data/embeddings/microwave/microwave_7_seg000.npy
microwave,data/split_5s/microwave/microwave_7_seg001.wav,data/embeddings/microwave/microwave_7_seg001.npy
door_event,data/split_5s/door_event/door_event_2_seg000.wav,data/embeddings/door_event/door_event_2_seg000.npy
door_event,data/split_5s/door_event/door_event_2_seg001.wav,data/embeddings/door_event/door_event_2_seg001.npy
door_event,data/split_5s/door_event/door_event_2_seg002.wav,data/embeddings/door_event/door_event_2_seg002.npy
door_event,data/split_5s/door_event/door_event_2_seg003.wav,data/embeddings/door_event/door_event_2_seg003.npy
door_event,data/split_5s/door_event/door_event_2_seg004.wav,data/embeddings/door_event/door_event_2_seg004.npy
door_event,data/split_5s/door_event/door_event_2_seg005.wav,data/embeddings/door_event/door_event_2_seg005.npy
door_event,data/split_5s/door_event/door_event_2_seg006.wav,data/embeddings/door_event/door_event_2_seg006.npy
door_event,data/split_5s/door_event/door_event_2_seg007.wav,data/embeddings/door_event/door_event_2_seg007.npy
door_event,data/split_5s/door_event/door_event_2_seg008.wav,data/embeddings/door_event/door_event_2_seg008.npy
door_event,data/split_5s/door_event/door_event_2_seg009.wav,data/embeddings/door_event/door_event_2_seg009.npy
door_event,data/split_5s/door_event/door_event_2_seg010.wav,data/embeddings/door_event/door_event_2_seg010.npy
door_event,data/split_5s/door_event/door_event_2_seg011.wav,data/embeddings/door_event/door_event_2_seg011.npy
door_event,data/split_5s/door_event/door_event_2_seg012.wav,data/embeddings/door_event/door_event_2_seg012.npy
door_event,data/split_5s/door_event/door_event_2_seg013.wav,data/embeddings/door_event/door_event_2_seg013.npy
door_event,data/split_5s/door_event/door_event_2_seg014.wav,data/embeddings/door_event/door_event_2_seg014.npy
door_event,data/split_5s/door_event/door_event_3_seg000.wav,data/embeddings/door_event/door_event_3_seg000.npy
door_event,data/split_5s/door_event/door_event_4_seg000.wav,data/embeddings/door_event/door_event_4_seg000.npy
door_event,data/split_5s/door_event/door_event_4_seg001.wav,data/embeddings/door_event/door_event_4_seg001.npy
door_event,data/split_5s/door_event/door_event_6_seg000.wav,data/embeddings/door_event/door_event_6_seg000.npy
door_event,data/split_5s/door_event/door_event_7_seg000.wav,data/embeddings/door_event/door_event_7_seg000.npy
door_event,data/split_5s/door_event/door_event_8_seg000.wav,data/embeddings/door_event/door_event_8_seg000.npy
vacuum,data/split_5s/vacuum/vacuum_10_seg000.wav,data/embeddings/vacuum/vacuum_10_seg000.npy
vacuum,data/split_5s/vacuum/vacuum_10_seg001.wav,data/embeddings/vacuum/vacuum_10_seg001.npy
vacuum,data/split_5s/vacuum/vacuum_10_seg002.wav,data/embeddings/vacuum/vacuum_10_seg002.npy
vacuum,data/split_5s/vacuum/vacuum_10_seg003.wav,data/embeddings/vacuum/vacuum_10_seg003.npy
vacuum,data/split_5s/vacuum/vacuum_10_seg004.wav,data/embeddings/vacuum/vacuum_10_seg004.npy
vacuum,data/split_5s/vacuum/vacuum_10_seg005.wav,data/embeddings/vacuum/vacuum_10_seg005.npy
vacuum,data/split_5s/vacuum/vacuum_11_seg000.wav,data/embeddings/vacuum/vacuum_11_seg000.npy
vacuum,data/split_5s/vacuum/vacuum_11_seg001.wav,data/embeddings/vacuum/vacuum_11_seg001.npy
vacuum,data/split_5s/vacuum/vacuum_11_seg002.wav,data/embeddings/vacuum/vacuum_11_seg002.npy
vacuum,data/split_5s/vacuum/vacuum_11_seg003.wav,data/embeddings/vacuum/vacuum_11_seg003.npy
vacuum,data/split_5s/vacuum/vacuum_11_seg004.wav,data/embeddings/vacuum/vacuum_11_seg004.npy
vacuum,data/split_5s/vacuum/vacuum_11_seg005.wav,data/embeddings/vacuum/vacuum_11_seg005.npy
vacuum,data/split_5s/vacuum/vacuum_11_seg006.wav,data/embeddings/vacuum/vacuum_11_seg006.npy
vacuum,data/split_5s/vacuum/vacuum_11_seg007.wav,data/embeddings/vacuum/vacuum_11_seg007.npy
vacuum,data/split_5s/vacuum/vacuum_11_seg008.wav,data/embeddings/vacuum/vacuum_11_seg008.npy
vacuum,data/split_5s/vacuum/vacuum_11_seg009.wav,data/embeddings/vacuum/vacuum_11_seg009.npy
vacuum,data/split_5s/vacuum/vacuum_11_seg010.wav,data/embeddings/vacuum/vacuum_11_seg010.npy
vacuum,data/split_5s/vacuum/vacuum_11_seg011.wav,data/embeddings/vacuum/vacuum_11_seg011.npy
vacuum,data/split_5s/vacuum/vacuum_11_seg012.wav,data/embeddings/vacuum/vacuum_11_seg012.npy
vacuum,data/split_5s/vacuum/vacuum_11_seg013.wav,data/embeddings/vacuum/vacuum_11_seg013.npy
vacuum,data/split_5s/vacuum/vacuum_11_seg014.wav,data/embeddings/vacuum/vacuum_11_seg014.npy
vacuum,data/split_5s/vacuum/vacuum_11_seg015.wav,data/embeddings/vacuum/vacuum_11_seg015.npy
vacuum,data/split_5s/vacuum/vacuum_11_seg016.wav,data/embeddings/vacuum/vacuum_11_seg016.npy
vacuum,data/split_5s/vacuum/vacuum_11_seg017.wav,data/embeddings/vacuum/vacuum_11_seg017.npy
vacuum,data/split_5s/vacuum/vacuum_11_seg018.wav,data/embeddings/vacuum/vacuum_11_seg018.npy
vacuum,data/split_5s/vacuum/vacuum_11_seg019.wav,data/embeddings/vacuum/vacuum_11_seg019.npy
vacuum,data/split_5s/vacuum/vacuum_11_seg020.wav,data/embeddings/vacuum/vacuum_11_seg020.npy
vacuum,data/split_5s/vacuum/vacuum_11_seg021.wav,data/embeddings/vacuum/vacuum_11_seg021.npy
vacuum,data/split_5s/vacuum/vacuum_11_seg022.wav,data/embeddings/vacuum/vacuum_11_seg022.npy
vacuum,data/split_5s/vacuum/vacuum_11_seg023.wav,data/embeddings/vacuum/vacuum_11_seg023.npy
vacuum,data/split_5s/vacuum/vacuum_11_seg024.wav,data/embeddings/vacuum/vacuum_11_seg024.npy
vacuum,data/split_5s/vacuum/vacuum_11_seg025.wav,data/embeddings/vacuum/vacuum_11_seg025.npy
vacuum,data/split_5s/vacuum/vacuum_11_seg026.wav,data/embeddings/vacuum/vacuum_11_seg026.npy
vacuum,data/split_5s/vacuum/vacuum_12_seg000.wav,data/embeddings/vacuum/vacuum_12_seg000.npy
vacuum,data/split_5s/vacuum/vacuum_12_seg001.wav,data/embeddings/vacuum/vacuum_12_seg001.npy
vacuum,data/split_5s/vacuum/vacuum_12_seg002.wav,data/embeddings/vacuum/vacuum_12_seg002.npy
vacuum,data/split_5s/vacuum/vacuum_12_seg003.wav,data/embeddings/vacuum/vacuum_12_seg003.npy
vacuum,data/split_5s/vacuum/vacuum_12_seg004.wav,data/embeddings/vacuum/vacuum_12_seg004.npy
vacuum,data/split_5s/vacuum/vacuum_12_seg005.wav,data/embeddings/vacuum/vacuum_12_seg005.npy
vacuum,data/split_5s/vacuum/vacuum_12_seg006.wav,data/embeddings/vacuum/vacuum_12_seg006.npy
vacuum,data/split_5s/vacuum/vacuum_12_seg007.wav,data/embeddings/vacuum/vacuum_12_seg007.npy
vacuum,data/split_5s/vacuum/vacuum_12_seg008.wav,data/embeddings/vacuum/vacuum_12_seg008.npy
vacuum,data/split_5s/vacuum/vacuum_12_seg009.wav,data/embeddings/vacuum/vacuum_12_seg009.npy
vacuum,data/split_5s/vacuum/vacuum_13_seg000.wav,data/embeddings/vacuum/vacuum_13_seg000.npy
vacuum,data/split_5s/vacuum/vacuum_13_seg001.wav,data/embeddings/vacuum/vacuum_13_seg001.npy
vacuum,data/split_5s/vacuum/vacuum_13_seg002.wav,data/embeddings/vacuum/vacuum_13_seg002.npy
vacuum,data/split_5s/vacuum/vacuum_14_seg000.wav,data/embeddings/vacuum/vacuum_14_seg000.npy
vacuum,data/split_5s/vacuum/vacuum_15_seg000.wav,data/embeddings/vacuum/vacuum_15_seg000.npy
vacuum,data/split_5s/vacuum/vacuum_15_seg001.wav,data/embeddings/vacuum/vacuum_15_seg001.npy
vacuum,data/split_5s/vacuum/vacuum_15_seg002.wav,data/embeddings/vacuum/vacuum_15_seg002.npy
vacuum,data/split_5s/vacuum/vacuum_16_seg000.wav,data/embeddings/vacuum/vacuum_16_seg000.npy
vacuum,data/split_5s/vacuum/vacuum_16_seg001.wav,data/embeddings/vacuum/vacuum_16_seg001.npy
vacuum,data/split_5s/vacuum/vacuum_16_seg002.wav,data/embeddings/vacuum/vacuum_16_seg002.npy
vacuum,data/split_5s/vacuum/vacuum_16_seg003.wav,data/embeddings/vacuum/vacuum_16_seg003.npy
vacuum,data/split_5s/vacuum/vacuum_16_seg004.wav,data/embeddings/vacuum/vacuum_16_seg004.npy
vacuum,data/split_5s/vacuum/vacuum_17_seg000.wav,data/embeddings/vacuum/vacuum_17_seg000.npy
vacuum,data/split_5s/vacuum/vacuum_17_seg001.wav,data/embeddings/vacuum/vacuum_17_seg001.npy
vacuum,data/split_5s/vacuum/vacuum_17_seg002.wav,data/embeddings/vacuum/vacuum_17_seg002.npy
vacuum,data/split_5s/vacuum/vacuum_17_seg003.wav,data/embeddings/vacuum/vacuum_17_seg003.npy
vacuum,data/split_5s/vacuum/vacuum_17_seg004.wav,data/embeddings/vacuum/vacuum_17_seg004.npy
vacuum,data/split_5s/vacuum/vacuum_17_seg005.wav,data/embeddings/vacuum/vacuum_17_seg005.npy
vacuum,data/split_5s/vacuum/vacuum_17_seg006.wav,data/embeddings/vacuum/vacuum_17_seg006.npy
vacuum,data/split_5s/vacuum/vacuum_18_seg000.wav,data/embeddings/vacuum/vacuum_18_seg000.npy
vacuum,data/split_5s/vacuum/vacuum_19_seg000.wav,data/embeddings/vacuum/vacuum_19_seg000.npy
vacuum,data/split_5s/vacuum/vacuum_19_seg001.wav,data/embeddings/vacuum/vacuum_19_seg001.npy
vacuum,data/split_5s/vacuum/vacuum_19_seg002.wav,data/embeddings/vacuum/vacuum_19_seg002.npy
vacuum,data/split_5s/vacuum/vacuum_1_seg000.wav,data/embeddings/vacuum/vacuum_1_seg000.npy
vacuum,data/split_5s/vacuum/vacuum_20_seg000.wav,data/embeddings/vacuum/vacuum_20_seg000.npy
vacuum,data/split_5s/vacuum/vacuum_20_seg001.wav,data/embeddings/vacuum/vacuum_20_seg001.npy
vacuum,data/split_5s/vacuum/vacuum_20_seg002.wav,data/embeddings/vacuum/vacuum_20_seg002.npy
vacuum,data/split_5s/vacuum/vacuum_20_seg003.wav,data/embeddings/vacuum/vacuum_20_seg003.npy
vacuum,data/split_5s/vacuum/vacuum_20_seg004.wav,data/embeddings/vacuum/vacuum_20_seg004.npy
vacuum,data/split_5s/vacuum/vacuum_21_seg000.wav,data/embeddings/vacuum/vacuum_21_seg000.npy
vacuum,data/split_5s/vacuum/vacuum_2_seg000.wav,data/embeddings/vacuum/vacuum_2_seg000.npy
vacuum,data/split_5s/vacuum/vacuum_2_seg001.wav,data/embeddings/vacuum/vacuum_2_seg001.npy
vacuum,data/split_5s/vacuum/vacuum_2_seg002.wav,data/embeddings/vacuum/vacuum_2_seg002.npy
vacuum,data/split_5s/vacuum/vacuum_2_seg003.wav,data/embeddings/vacuum/vacuum_2_seg003.npy
vacuum,data/split_5s/vacuum/vacuum_3_seg000.wav,data/embeddings/vacuum/vacuum_3_seg000.npy
vacuum,data/split_5s/vacuum/vacuum_3_seg001.wav,data/embeddings/vacuum/vacuum_3_seg001.npy
vacuum,data/split_5s/vacuum/vacuum_5_seg000.wav,data/embeddings/vacuum/vacuum_5_seg000.npy
vacuum,data/split_5s/vacuum/vacuum_5_seg001.wav,data/embeddings/vacuum/vacuum_5_seg001.npy
vacuum,data/split_5s/vacuum/vacuum_5_seg002.wav,data/embeddings/vacuum/vacuum_5_seg002.npy
vacuum,data/split_5s/vacuum/vacuum_5_seg003.wav,data/embeddings/vacuum/vacuum_5_seg003.npy
vacuum,data/split_5s/vacuum/vacuum_5_seg004.wav,data/embeddings/vacuum/vacuum_5_seg004.npy
vacuum,data/split_5s/vacuum/vacuum_5_seg005.wav,data/embeddings/vacuum/vacuum_5_seg005.npy
vacuum,data/split_5s/vacuum/vacuum_5_seg006.wav,data/embeddings/vacuum/vacuum_5_seg006.npy
vacuum,data/split_5s/vacuum/vacuum_5_seg007.wav,data/embeddings/vacuum/vacuum_5_seg007.npy
vacuum,data/split_5s/vacuum/vacuum_6_seg000.wav,data/embeddings/vacuum/vacuum_6_seg000.npy
vacuum,data/split_5s/vacuum/vacuum_6_seg001.wav,data/embeddings/vacuum/vacuum_6_seg001.npy
vacuum,data/split_5s/vacuum/vacuum_6_seg002.wav,data/embeddings/vacuum/vacuum_6_seg002.npy
vacuum,data/split_5s/vacuum/vacuum_6_seg003.wav,data/embeddings/vacuum/vacuum_6_seg003.npy
vacuum,data/split_5s/vacuum/vacuum_6_seg004.wav,data/embeddings/vacuum/vacuum_6_seg004.npy
vacuum,data/split_5s/vacuum/vacuum_7_seg000.wav,data/embeddings/vacuum/vacuum_7_seg000.npy
vacuum,data/split_5s/vacuum/vacuum_7_seg001.wav,data/embeddings/vacuum/vacuum_7_seg001.npy
vacuum,data/split_5s/vacuum/vacuum_7_seg002.wav,data/embeddings/vacuum/vacuum_7_seg002.npy
vacuum,data/split_5s/vacuum/vacuum_7_seg003.wav,data/embeddings/vacuum/vacuum_7_seg003.npy
vacuum,data/split_5s/vacuum/vacuum_8_seg000.wav,data/embeddings/vacuum/vacuum_8_seg000.npy
vacuum,data/split_5s/vacuum/vacuum_8_seg001.wav,data/embeddings/vacuum/vacuum_8_seg001.npy
vacuum,data/split_5s/vacuum/vacuum_8_seg002.wav,data/embeddings/vacuum/vacuum_8_seg002.npy
vacuum,data/split_5s/vacuum/vacuum_8_seg003.wav,data/embeddings/vacuum/vacuum_8_seg003.npy
vacuum,data/split_5s/vacuum/vacuum_8_seg004.wav,data/embeddings/vacuum/vacuum_8_seg004.npy
vacuum,data/split_5s/vacuum/vacuum_8_seg005.wav,data/embeddings/vacuum/vacuum_8_seg005.npy
vacuum,data/split_5s/vacuum/vacuum_8_seg006.wav,data/embeddings/vacuum/vacuum_8_seg006.npy
vacuum,data/split_5s/vacuum/vacuum_8_seg007.wav,data/embeddings/vacuum/vacuum_8_seg007.npy
vacuum,data/split_5s/vacuum/vacuum_8_seg008.wav,data/embeddings/vacuum/vacuum_8_seg008.npy
vacuum,data/split_5s/vacuum/vacuum_8_seg009.wav,data/embeddings/vacuum/vacuum_8_seg009.npy
vacuum,data/split_5s/vacuum/vacuum_8_seg010.wav,data/embeddings/vacuum/vacuum_8_seg010.npy
vacuum,data/split_5s/vacuum/vacuum_9_seg000.wav,data/embeddings/vacuum/vacuum_9_seg000.npy
vacuum,data/split_5s/vacuum/vacuum_9_seg001.wav,data/embeddings/vacuum/vacuum_9_seg001.npy
vacuum,data/split_5s/vacuum/vacuum_9_seg002.wav,data/embeddings/vacuum/vacuum_9_seg002.npy
vacuum,data/split_5s/vacuum/vacuum_9_seg003.wav,data/embeddings/vacuum/vacuum_9_seg003.npy
vacuum,data/split_5s/vacuum/vacuum_9_seg004.wav,data/embeddings/vacuum/vacuum_9_seg004.npy
vacuum,data/split_5s/vacuum/vacuum_9_seg005.wav,data/embeddings/vacuum/vacuum_9_seg005.npy
vacuum,data/split_5s/vacuum/vacuum_9_seg006.wav,data/embeddings/vacuum/vacuum_9_seg006.npy
vacuum,data/split_5s/vacuum/vacuum_9_seg007.wav,data/embeddings/vacuum/vacuum_9_seg007.npy
vacuum,data/split_5s/vacuum/vacuum_9_seg008.wav,data/embeddings/vacuum/vacuum_9_seg008.npy
washing_machine,data/split_5s/washing_machine/washing_machine_10_seg000.wav,data/embeddings/washing_machine/washing_machine_10_seg000.npy
washing_machine,data/split_5s/washing_machine/washing_machine_10_seg001.wav,data/embeddings/washing_machine/washing_machine_10_seg001.npy
washing_machine,data/split_5s/washing_machine/washing_machine_10_seg002.wav,data/embeddings/washing_machine/washing_machine_10_seg002.npy
washing_machine,data/split_5s/washing_machine/washing_machine_10_seg003.wav,data/embeddings/washing_machine/washing_machine_10_seg003.npy
washing_machine,data/split_5s/washing_machine/washing_machine_10_seg004.wav,data/embeddings/washing_machine/washing_machine_10_seg004.npy
washing_machine,data/split_5s/washing_machine/washing_machine_10_seg005.wav,data/embeddings/washing_machine/washing_machine_10_seg005.npy
washing_machine,data/split_5s/washing_machine/washing_machine_10_seg006.wav,data/embeddings/washing_machine/washing_machine_10_seg006.npy
washing_machine,data/split_5s/washing_machine/washing_machine_10_seg007.wav,data/embeddings/washing_machine/washing_machine_10_seg007.npy
washing_machine,data/split_5s/washing_machine/washing_machine_10_seg008.wav,data/embeddings/washing_machine/washing_machine_10_seg008.npy
washing_machine,data/split_5s/washing_machine/washing_machine_10_seg009.wav,data/embeddings/washing_machine/washing_machine_10_seg009.npy
washing_machine,data/split_5s/washing_machine/washing_machine_10_seg010.wav,data/embeddings/washing_machine/washing_machine_10_seg010.npy
washing_machine,data/split_5s/washing_machine/washing_machine_10_seg011.wav,data/embeddings/washing_machine/washing_machine_10_seg011.npy
washing_machine,data/split_5s/washing_machine/washing_machine_10_seg012.wav,data/embeddings/washing_machine/washing_machine_10_seg012.npy
washing_machine,data/split_5s/washing_machine/washing_machine_10_seg013.wav,data/embeddings/washing_machine/washing_machine_10_seg013.npy
washing_machine,data/split_5s/washing_machine/washing_machine_10_seg014.wav,data/embeddings/washing_machine/washing_machine_10_seg014.npy
washing_machine,data/split_5s/washing_machine/washing_machine_10_seg015.wav,data/embeddings/washing_machine/washing_machine_10_seg015.npy
washing_machine,data/split_5s/washing_machine/washing_machine_10_seg016.wav,data/embeddings/washing_machine/washing_machine_10_seg016.npy
washing_machine,data/split_5s/washing_machine/washing_machine_11_seg000.wav,data/embeddings/washing_machine/washing_machine_11_seg000.npy
washing_machine,data/split_5s/washing_machine/washing_machine_11_seg001.wav,data/embeddings/washing_machine/washing_machine_11_seg001.npy
washing_machine,data/split_5s/washing_machine/washing_machine_11_seg002.wav,data/embeddings/washing_machine/washing_machine_11_seg002.npy
washing_machine,data/split_5s/washing_machine/washing_machine_11_seg003.wav,data/embeddings/washing_machine/washing_machine_11_seg003.npy
washing_machine,data/split_5s/washing_machine/washing_machine_12_seg000.wav,data/embeddings/washing_machine/washing_machine_12_seg000.npy
washing_machine,data/split_5s/washing_machine/washing_machine_13_seg000.wav,data/embeddings/washing_machine/washing_machine_13_seg000.npy
washing_machine,data/split_5s/washing_machine/washing_machine_14_seg000.wav,data/embeddings/washing_machine/washing_machine_14_seg000.npy
washing_machine,data/split_5s/washing_machine/washing_machine_15_seg000.wav,data/embeddings/washing_machine/washing_machine_15_seg000.npy
washing_machine,data/split_5s/washing_machine/washing_machine_15_seg001.wav,data/embeddings/washing_machine/washing_machine_15_seg001.npy
washing_machine,data/split_5s/washing_machine/washing_machine_15_seg002.wav,data/embeddings/washing_machine/washing_machine_15_seg002.npy
washing_machine,data/split_5s/washing_machine/washing_machine_15_seg003.wav,data/embeddings/washing_machine/washing_machine_15_seg003.npy
washing_machine,data/split_5s/washing_machine/washing_machine_15_seg004.wav,data/embeddings/washing_machine/washing_machine_15_seg004.npy
washing_machine,data/split_5s/washing_machine/washing_machine_15_seg005.wav,data/embeddings/washing_machine/washing_machine_15_seg005.npy
washing_machine,data/split_5s/washing_machine/washing_machine_15_seg006.wav,data/embeddings/washing_machine/washing_machine_15_seg006.npy
washing_machine,data/split_5s/washing_machine/washing_machine_15_seg007.wav,data/embeddings/washing_machine/washing_machine_15_seg007.npy
washing_machine,data/split_5s/washing_machine/washing_machine_15_seg008.wav,data/embeddings/washing_machine/washing_machine_15_seg008.npy
washing_machine,data/split_5s/washing_machine/washing_machine_15_seg009.wav,data/embeddings/washing_machine/washing_machine_15_seg009.npy
washing_machine,data/split_5s/washing_machine/washing_machine_15_seg010.wav,data/embeddings/washing_machine/washing_machine_15_seg010.npy
washing_machine,data/split_5s/washing_machine/washing_machine_15_seg011.wav,data/embeddings/washing_machine/washing_machine_15_seg011.npy
washing_machine,data/split_5s/washing_machine/washing_machine_15_seg012.wav,data/embeddings/washing_machine/washing_machine_15_seg012.npy
washing_machine,data/split_5s/washing_machine/washing_machine_15_seg013.wav,data/embeddings/washing_machine/washing_machine_15_seg013.npy
washing_machine,data/split_5s/washing_machine/washing_machine_15_seg014.wav,data/embeddings/washing_machine/washing_machine_15_seg014.npy
washing_machine,data/split_5s/washing_machine/washing_machine_15_seg015.wav,data/embeddings/washing_machine/washing_machine_15_seg015.npy
washing_machine,data/split_5s/washing_machine/washing_machine_15_seg016.wav,data/embeddings/washing_machine/washing_machine_15_seg016.npy
washing_machine,data/split_5s/washing_machine/washing_machine_15_seg017.wav,data/embeddings/washing_machine/washing_machine_15_seg017.npy
washing_machine,data/split_5s/washing_machine/washing_machine_15_seg018.wav,data/embeddings/washing_machine/washing_machine_15_seg018.npy
washing_machine,data/split_5s/washing_machine/washing_machine_15_seg019.wav,data/embeddings/washing_machine/washing_machine_15_seg019.npy
washing_machine,data/split_5s/washing_machine/washing_machine_15_seg020.wav,data/embeddings/washing_machine/washing_machine_15_seg020.npy
washing_machine,data/split_5s/washing_machine/washing_machine_15_seg021.wav,data/embeddings/washing_machine/washing_machine_15_seg021.npy
washing_machine,data/split_5s/washing_machine/washing_machine_15_seg022.wav,data/embeddings/washing_machine/washing_machine_15_seg022.npy
washing_machine,data/split_5s/washing_machine/washing_machine_15_seg023.wav,data/embeddings/washing_machine/washing_machine_15_seg023.npy
washing_machine,data/split_5s/washing_machine/washing_machine_15_seg024.wav,data/embeddings/washing_machine/washing_machine_15_seg024.npy
washing_machine,data/split_5s/washing_machine/washing_machine_15_seg025.wav,data/embeddings/washing_machine/washing_machine_15_seg025.npy
washing_machine,data/split_5s/washing_machine/washing_machine_15_seg026.wav,data/embeddings/washing_machine/washing_machine_15_seg026.npy
washing_machine,data/split_5s/washing_machine/washing_machine_16_seg000.wav,data/embeddings/washing_machine/washing_machine_16_seg000.npy
washing_machine,data/split_5s/washing_machine/washing_machine_16_seg001.wav,data/embeddings/washing_machine/washing_machine_16_seg001.npy
washing_machine,data/split_5s/washing_machine/washing_machine_16_seg002.wav,data/embeddings/washing_machine/washing_machine_16_seg002.npy
washing_machine,data/split_5s/washing_machine/washing_machine_16_seg003.wav,data/embeddings/washing_machine/washing_machine_16_seg003.npy
washing_machine,data/split_5s/washing_machine/washing_machine_16_seg004.wav,data/embeddings/washing_machine/washing_machine_16_seg004.npy
washing_machine,data/split_5s/washing_machine/washing_machine_16_seg005.wav,data/embeddings/washing_machine/washing_machine_16_seg005.npy
washing_machine,data/split_5s/washing_machine/washing_machine_16_seg006.wav,data/embeddings/washing_machine/washing_machine_16_seg006.npy
washing_machine,data/split_5s/washing_machine/washing_machine_16_seg007.wav,data/embeddings/washing_machine/washing_machine_16_seg007.npy
washing_machine,data/split_5s/washing_machine/washing_machine_16_seg008.wav,data/embeddings/washing_machine/washing_machine_16_seg008.npy
washing_machine,data/split_5s/washing_machine/washing_machine_16_seg009.wav,data/embeddings/washing_machine/washing_machine_16_seg009.npy
washing_machine,data/split_5s/washing_machine/washing_machine_16_seg010.wav,data/embeddings/washing_machine/washing_machine_16_seg010.npy
washing_machine,data/split_5s/washing_machine/washing_machine_16_seg011.wav,data/embeddings/washing_machine/washing_machine_16_seg011.npy
washing_machine,data/split_5s/washing_machine/washing_machine_16_seg012.wav,data/embeddings/washing_machine/washing_machine_16_seg012.npy
washing_machine,data/split_5s/washing_machine/washing_machine_16_seg013.wav,data/embeddings/washing_machine/washing_machine_16_seg013.npy
washing_machine,data/split_5s/washing_machine/washing_machine_16_seg014.wav,data/embeddings/washing_machine/washing_machine_16_seg014.npy
washing_machine,data/split_5s/washing_machine/washing_machine_16_seg015.wav,data/embeddings/washing_machine/washing_machine_16_seg015.npy
washing_machine,data/split_5s/washing_machine/washing_machine_16_seg016.wav,data/embeddings/washing_machine/washing_machine_16_seg016.npy
washing_machine,data/split_5s/washing_machine/washing_machine_16_seg017.wav,data/embeddings/washing_machine/washing_machine_16_seg017.npy
washing_machine,data/split_5s/washing_machine/washing_machine_16_seg018.wav,data/embeddings/washing_machine/washing_machine_16_seg018.npy
washing_machine,data/split_5s/washing_machine/washing_machine_16_seg019.wav,data/embeddings/washing_machine/washing_machine_16_seg019.npy
washing_machine,data/split_5s/washing_machine/washing_machine_16_seg020.wav,data/embeddings/washing_machine/washing_machine_16_seg020.npy
washing_machine,data/split_5s/washing_machine/washing_machine_16_seg021.wav,data/embeddings/washing_machine/washing_machine_16_seg021.npy
washing_machine,data/split_5s/washing_machine/washing_machine_16_seg022.wav,data/embeddings/washing_machine/washing_machine_16_seg022.npy
washing_machine,data/split_5s/washing_machine/washing_machine_17_seg000.wav,data/embeddings/washing_machine/washing_machine_17_seg000.npy
washing_machine,data/split_5s/washing_machine/washing_machine_17_seg001.wav,data/embeddings/washing_machine/washing_machine_17_seg001.npy
washing_machine,data/split_5s/washing_machine/washing_machine_17_seg002.wav,data/embeddings/washing_machine/washing_machine_17_seg002.npy
washing_machine,data/split_5s/washing_machine/washing_machine_17_seg003.wav,data/embeddings/washing_machine/washing_machine_17_seg003.npy
washing_machine,data/split_5s/washing_machine/washing_machine_17_seg004.wav,data/embeddings/washing_machine/washing_machine_17_seg004.npy
washing_machine,data/split_5s/washing_machine/washing_machine_17_seg005.wav,data/embeddings/washing_machine/washing_machine_17_seg005.npy
washing_machine,data/split_5s/washing_machine/washing_machine_17_seg006.wav,data/embeddings/washing_machine/washing_machine_17_seg006.npy
washing_machine,data/split_5s/washing_machine/washing_machine_17_seg007.wav,data/embeddings/washing_machine/washing_machine_17_seg007.npy
washing_machine,data/split_5s/washing_machine/washing_machine_17_seg008.wav,data/embeddings/washing_machine/washing_machine_17_seg008.npy
washing_machine,data/split_5s/washing_machine/washing_machine_17_seg009.wav,data/embeddings/washing_machine/washing_machine_17_seg009.npy
washing_machine,data/split_5s/washing_machine/washing_machine_17_seg010.wav,data/embeddings/washing_machine/washing_machine_17_seg010.npy
washing_machine,data/split_5s/washing_machine/washing_machine_17_seg011.wav,data/embeddings/washing_machine/washing_machine_17_seg011.npy
washing_machine,data/split_5s/washing_machine/washing_machine_17_seg012.wav,data/embeddings/washing_machine/washing_machine_17_seg012.npy
washing_machine,data/split_5s/washing_machine/washing_machine_17_seg013.wav,data/embeddings/washing_machine/washing_machine_17_seg013.npy
washing_machine,data/split_5s/washing_machine/washing_machine_17_seg014.wav,data/embeddings/washing_machine/washing_machine_17_seg014.npy
washing_machine,data/split_5s/washing_machine/washing_machine_17_seg015.wav,data/embeddings/washing_machine/washing_machine_17_seg015.npy
washing_machine,data/split_5s/washing_machine/washing_machine_17_seg016.wav,data/embeddings/washing_machine/washing_machine_17_seg016.npy
washing_machine,data/split_5s/washing_machine/washing_machine_17_seg017.wav,data/embeddings/washing_machine/washing_machine_17_seg017.npy
washing_machine,data/split_5s/washing_machine/washing_machine_17_seg018.wav,data/embeddings/washing_machine/washing_machine_17_seg018.npy
washing_machine,data/split_5s/washing_machine/washing_machine_18_seg000.wav,data/embeddings/washing_machine/washing_machine_18_seg000.npy
washing_machine,data/split_5s/washing_machine/washing_machine_18_seg001.wav,data/embeddings/washing_machine/washing_machine_18_seg001.npy
washing_machine,data/split_5s/washing_machine/washing_machine_18_seg002.wav,data/embeddings/washing_machine/washing_machine_18_seg002.npy
washing_machine,data/split_5s/washing_machine/washing_machine_18_seg003.wav,data/embeddings/washing_machine/washing_machine_18_seg003.npy
washing_machine,data/split_5s/washing_machine/washing_machine_18_seg004.wav,data/embeddings/washing_machine/washing_machine_18_seg004.npy
washing_machine,data/split_5s/washing_machine/washing_machine_18_seg005.wav,data/embeddings/washing_machine/washing_machine_18_seg005.npy
washing_machine,data/split_5s/washing_machine/washing_machine_18_seg006.wav,data/embeddings/washing_machine/washing_machine_18_seg006.npy
washing_machine,data/split_5s/washing_machine/washing_machine_18_seg007.wav,data/embeddings/washing_machine/washing_machine_18_seg007.npy
washing_machine,data/split_5s/washing_machine/washing_machine_18_seg008.wav,data/embeddings/washing_machine/washing_machine_18_seg008.npy
washing_machine,data/split_5s/washing_machine/washing_machine_18_seg009.wav,data/embeddings/washing_machine/washing_machine_18_seg009.npy
washing_machine,data/split_5s/washing_machine/washing_machine_18_seg010.wav,data/embeddings/washing_machine/washing_machine_18_seg010.npy
washing_machine,data/split_5s/washing_machine/washing_machine_18_seg011.wav,data/embeddings/washing_machine/washing_machine_18_seg011.npy
washing_machine,data/split_5s/washing_machine/washing_machine_18_seg012.wav,data/embeddings/washing_machine/washing_machine_18_seg012.npy
washing_machine,data/split_5s/washing_machine/washing_machine_18_seg013.wav,data/embeddings/washing_machine/washing_machine_18_seg013.npy
washing_machine,data/split_5s/washing_machine/washing_machine_18_seg014.wav,data/embeddings/washing_machine/washing_machine_18_seg014.npy
washing_machine,data/split_5s/washing_machine/washing_machine_19_seg000.wav,data/embeddings/washing_machine/washing_machine_19_seg000.npy
washing_machine,data/split_5s/washing_machine/washing_machine_19_seg001.wav,data/embeddings/washing_machine/washing_machine_19_seg001.npy
washing_machine,data/split_5s/washing_machine/washing_machine_19_seg002.wav,data/embeddings/washing_machine/washing_machine_19_seg002.npy
washing_machine,data/split_5s/washing_machine/washing_machine_19_seg003.wav,data/embeddings/washing_machine/washing_machine_19_seg003.npy
washing_machine,data/split_5s/washing_machine/washing_machine_19_seg004.wav,data/embeddings/washing_machine/washing_machine_19_seg004.npy
washing_machine,data/split_5s/washing_machine/washing_machine_1_seg000.wav,data/embeddings/washing_machine/washing_machine_1_seg000.npy
washing_machine,data/split_5s/washing_machine/washing_machine_1_seg001.wav,data/embeddings/washing_machine/washing_machine_1_seg001.npy
washing_machine,data/split_5s/washing_machine/washing_machine_20_seg000.wav,data/embeddings/washing_machine/washing_machine_20_seg000.npy
washing_machine,data/split_5s/washing_machine/washing_machine_20_seg001.wav,data/embeddings/washing_machine/washing_machine_20_seg001.npy
washing_machine,data/split_5s/washing_machine/washing_machine_20_seg002.wav,data/embeddings/washing_machine/washing_machine_20_seg002.npy
washing_machine,data/split_5s/washing_machine/washing_machine_20_seg003.wav,data/embeddings/washing_machine/washing_machine_20_seg003.npy
washing_machine,data/split_5s/washing_machine/washing_machine_2_seg000.wav,data/embeddings/washing_machine/washing_machine_2_seg000.npy
washing_machine,data/split_5s/washing_machine/washing_machine_2_seg001.wav,data/embeddings/washing_machine/washing_machine_2_seg001.npy
washing_machine,data/split_5s/washing_machine/washing_machine_3_seg000.wav,data/embeddings/washing_machine/washing_machine_3_seg000.npy
washing_machine,data/split_5s/washing_machine/washing_machine_3_seg001.wav,data/embeddings/washing_machine/washing_machine_3_seg001.npy
washing_machine,data/split_5s/washing_machine/washing_machine_3_seg002.wav,data/embeddings/washing_machine/washing_machine_3_seg002.npy
washing_machine,data/split_5s/washing_machine/washing_machine_3_seg003.wav,data/embeddings/washing_machine/washing_machine_3_seg003.npy
washing_machine,data/split_5s/washing_machine/washing_machine_3_seg004.wav,data/embeddings/washing_machine/washing_machine_3_seg004.npy
washing_machine,data/split_5s/washing_machine/washing_machine_3_seg005.wav,data/embeddings/washing_machine/washing_machine_3_seg005.npy
washing_machine,data/split_5s/washing_machine/washing_machine_3_seg006.wav,data/embeddings/washing_machine/washing_machine_3_seg006.npy
washing_machine,data/split_5s/washing_machine/washing_machine_3_seg007.wav,data/embeddings/washing_machine/washing_machine_3_seg007.npy
washing_machine,data/split_5s/washing_machine/washing_machine_3_seg008.wav,data/embeddings/washing_machine/washing_machine_3_seg008.npy
washing_machine,data/split_5s/washing_machine/washing_machine_3_seg009.wav,data/embeddings/washing_machine/washing_machine_3_seg009.npy
washing_machine,data/split_5s/washing_machine/washing_machine_3_seg010.wav,data/embeddings/washing_machine/washing_machine_3_seg010.npy
washing_machine,data/split_5s/washing_machine/washing_machine_3_seg011.wav,data/embeddings/washing_machine/washing_machine_3_seg011.npy
washing_machine,data/split_5s/washing_machine/washing_machine_3_seg012.wav,data/embeddings/washing_machine/washing_machine_3_seg012.npy
washing_machine,data/split_5s/washing_machine/washing_machine_3_seg013.wav,data/embeddings/washing_machine/washing_machine_3_seg013.npy
washing_machine,data/split_5s/washing_machine/washing_machine_3_seg014.wav,data/embeddings/washing_machine/washing_machine_3_seg014.npy
washing_machine,data/split_5s/washing_machine/washing_machine_3_seg015.wav,data/embeddings/washing_machine/washing_machine_3_seg015.npy
washing_machine,data/split_5s/washing_machine/washing_machine_3_seg016.wav,data/embeddings/washing_machine/washing_machine_3_seg016.npy
washing_machine,data/split_5s/washing_machine/washing_machine_3_seg017.wav,data/embeddings/washing_machine/washing_machine_3_seg017.npy
washing_machine,data/split_5s/washing_machine/washing_machine_3_seg018.wav,data/embeddings/washing_machine/washing_machine_3_seg018.npy
washing_machine,data/split_5s/washing_machine/washing_machine_3_seg019.wav,data/embeddings/washing_machine/washing_machine_3_seg019.npy
washing_machine,data/split_5s/washing_machine/washing_machine_3_seg020.wav,data/embeddings/washing_machine/washing_machine_3_seg020.npy
washing_machine,data/split_5s/washing_machine/washing_machine_3_seg021.wav,data/embeddings/washing_machine/washing_machine_3_seg021.npy
washing_machine,data/split_5s/washing_machine/washing_machine_3_seg022.wav,data/embeddings/washing_machine/washing_machine_3_seg022.npy
washing_machine,data/split_5s/washing_machine/washing_machine_3_seg023.wav,data/embeddings/washing_machine/washing_machine_3_seg023.npy
washing_machine,data/split_5s/washing_machine/washing_machine_3_seg024.wav,data/embeddings/washing_machine/washing_machine_3_seg024.npy
washing_machine,data/split_5s/washing_machine/washing_machine_3_seg025.wav,data/embeddings/washing_machine/washing_machine_3_seg025.npy
washing_machine,data/split_5s/washing_machine/washing_machine_3_seg026.wav,data/embeddings/washing_machine/washing_machine_3_seg026.npy
washing_machine,data/split_5s/washing_machine/washing_machine_3_seg027.wav,data/embeddings/washing_machine/washing_machine_3_seg027.npy
washing_machine,data/split_5s/washing_machine/washing_machine_3_seg028.wav,data/embeddings/washing_machine/washing_machine_3_seg028.npy
washing_machine,data/split_5s/washing_machine/washing_machine_3_seg029.wav,data/embeddings/washing_machine/washing_machine_3_seg029.npy
washing_machine,data/split_5s/washing_machine/washing_machine_3_seg030.wav,data/embeddings/washing_machine/washing_machine_3_seg030.npy
washing_machine,data/split_5s/washing_machine/washing_machine_3_seg031.wav,data/embeddings/washing_machine/washing_machine_3_seg031.npy
washing_machine,data/split_5s/washing_machine/washing_machine_3_seg032.wav,data/embeddings/washing_machine/washing_machine_3_seg032.npy
washing_machine,data/split_5s/washing_machine/washing_machine_3_seg033.wav,data/embeddings/washing_machine/washing_machine_3_seg033.npy
washing_machine,data/split_5s/washing_machine/washing_machine_3_seg034.wav,data/embeddings/washing_machine/washing_machine_3_seg034.npy
washing_machine,data/split_5s/washing_machine/washing_machine_3_seg035.wav,data/embeddings/washing_machine/washing_machine_3_seg035.npy
washing_machine,data/split_5s/washing_machine/washing_machine_3_seg036.wav,data/embeddings/washing_machine/washing_machine_3_seg036.npy
washing_machine,data/split_5s/washing_machine/washing_machine_3_seg037.wav,data/embeddings/washing_machine/washing_machine_3_seg037.npy
washing_machine,data/split_5s/washing_machine/washing_machine_3_seg038.wav,data/embeddings/washing_machine/washing_machine_3_seg038.npy
washing_machine,data/split_5s/washing_machine/washing_machine_3_seg039.wav,data/embeddings/washing_machine/washing_machine_3_seg039.npy
washing_machine,data/split_5s/washing_machine/washing_machine_3_seg040.wav,data/embeddings/washing_machine/washing_machine_3_seg040.npy
washing_machine,data/split_5s/washing_machine/washing_machine_3_seg041.wav,data/embeddings/washing_machine/washing_machine_3_seg041.npy
washing_machine,data/split_5s/washing_machine/washing_machine_3_seg042.wav,data/embeddings/washing_machine/washing_machine_3_seg042.npy
washing_machine,data/split_5s/washing_machine/washing_machine_3_seg043.wav,data/embeddings/washing_machine/washing_machine_3_seg043.npy
washing_machine,data/split_5s/washing_machine/washing_machine_3_seg044.wav,data/embeddings/washing_machine/washing_machine_3_seg044.npy
washing_machine,data/split_5s/washing_machine/washing_machine_3_seg045.wav,data/embeddings/washing_machine/washing_machine_3_seg045.npy
washing_machine,data/split_5s/washing_machine/washing_machine_3_seg046.wav,data/embeddings/washing_machine/washing_machine_3_seg046.npy
washing_machine,data/split_5s/washing_machine/washing_machine_3_seg047.wav,data/embeddings/washing_machine/washing_machine_3_seg047.npy
washing_machine,data/split_5s/washing_machine/washing_machine_3_seg048.wav,data/embeddings/washing_machine/washing_machine_3_seg048.npy
washing_machine,data/split_5s/washing_machine/washing_machine_3_seg049.wav,data/embeddings/washing_machine/washing_machine_3_seg049.npy
washing_machine,data/split_5s/washing_machine/washing_machine_3_seg050.wav,data/embeddings/washing_machine/washing_machine_3_seg050.npy
washing_machine,data/split_5s/washing_machine/washing_machine_3_seg051.wav,data/embeddings/washing_machine/washing_machine_3_seg051.npy
washing_machine,data/split_5s/washing_machine/washing_machine_3_seg052.wav,data/embeddings/washing_machine/washing_machine_3_seg052.npy
washing_machine,data/split_5s/washing_machine/washing_machine_3_seg053.wav,data/embeddings/washing_machine/washing_machine_3_seg053.npy
washing_machine,data/split_5s/washing_machine/washing_machine_3_seg054.wav,data/embeddings/washing_machine/washing_machine_3_seg054.npy
washing_machine,data/split_5s/washing_machine/washing_machine_3_seg055.wav,data/embeddings/washing_machine/washing_machine_3_seg055.npy
washing_machine,data/split_5s/washing_machine/washing_machine_3_seg056.wav,data/embeddings/washing_machine/washing_machine_3_seg056.npy
washing_machine,data/split_5s/washing_machine/washing_machine_3_seg057.wav,data/embeddings/washing_machine/washing_machine_3_seg057.npy
washing_machine,data/split_5s/washing_machine/washing_machine_3_seg058.wav,data/embeddings/washing_machine/washing_machine_3_seg058.npy
washing_machine,data/split_5s/washing_machine/washing_machine_3_seg059.wav,data/embeddings/washing_machine/washing_machine_3_seg059.npy
washing_machine,data/split_5s/washing_machine/washing_machine_3_seg060.wav,data/embeddings/washing_machine/washing_machine_3_seg060.npy
washing_machine,data/split_5s/washing_machine/washing_machine_3_seg061.wav,data/embeddings/washing_machine/washing_machine_3_seg061.npy
washing_machine,data/split_5s/washing_machine/washing_machine_3_seg062.wav,data/embeddings/washing_machine/washing_machine_3_seg062.npy
washing_machine,data/split_5s/washing_machine/washing_machine_3_seg063.wav,data/embeddings/washing_machine/washing_machine_3_seg063.npy
washing_machine,data/split_5s/washing_machine/washing_machine_3_seg064.wav,data/embeddings/washing_machine/washing_machine_3_seg064.npy
washing_machine,data/split_5s/washing_machine/washing_machine_3_seg065.wav,data/embeddings/washing_machine/washing_machine_3_seg065.npy
washing_machine,data/split_5s/washing_machine/washing_machine_3_seg066.wav,data/embeddings/washing_machine/washing_machine_3_seg066.npy
washing_machine,data/split_5s/washing_machine/washing_machine_3_seg067.wav,data/embeddings/washing_machine/washing_machine_3_seg067.npy
washing_machine,data/split_5s/washing_machine/washing_machine_3_seg068.wav,data/embeddings/washing_machine/washing_machine_3_seg068.npy
washing_machine,data/split_5s/washing_machine/washing_machine_3_seg069.wav,data/embeddings/washing_machine/washing_machine_3_seg069.npy
washing_machine,data/split_5s/washing_machine/washing_machine_3_seg070.wav,data/embeddings/washing_machine/washing_machine_3_seg070.npy
washing_machine,data/split_5s/washing_machine/washing_machine_3_seg071.wav,data/embeddings/washing_machine/washing_machine_3_seg071.npy
washing_machine,data/split_5s/washing_machine/washing_machine_3_seg072.wav,data/embeddings/washing_machine/washing_machine_3_seg072.npy
washing_machine,data/split_5s/washing_machine/washing_machine_3_seg073.wav,data/embeddings/washing_machine/washing_machine_3_seg073.npy
washing_machine,data/split_5s/washing_machine/washing_machine_3_seg074.wav,data/embeddings/washing_machine/washing_machine_3_seg074.npy
washing_machine,data/split_5s/washing_machine/washing_machine_3_seg075.wav,data/embeddings/washing_machine/washing_machine_3_seg075.npy
washing_machine,data/split_5s/washing_machine/washing_machine_3_seg076.wav,data/embeddings/washing_machine/washing_machine_3_seg076.npy
washing_machine,data/split_5s/washing_machine/washing_machine_3_seg077.wav,data/embeddings/washing_machine/washing_machine_3_seg077.npy
washing_machine,data/split_5s/washing_machine/washing_machine_3_seg078.wav,data/embeddings/washing_machine/washing_machine_3_seg078.npy
washing_machine,data/split_5s/washing_machine/washing_machine_3_seg079.wav,data/embeddings/washing_machine/washing_machine_3_seg079.npy
washing_machine,data/split_5s/washing_machine/washing_machine_3_seg080.wav,data/embeddings/washing_machine/washing_machine_3_seg080.npy
washing_machine,data/split_5s/washing_machine/washing_machine_3_seg081.wav,data/embeddings/washing_machine/washing_machine_3_seg081.npy
washing_machine,data/split_5s/washing_machine/washing_machine_3_seg082.wav,data/embeddings/washing_machine/washing_machine_3_seg082.npy
washing_machine,data/split_5s/washing_machine/washing_machine_3_seg083.wav,data/embeddings/washing_machine/washing_machine_3_seg083.npy
washing_machine,data/split_5s/washing_machine/washing_machine_3_seg084.wav,data/embeddings/washing_machine/washing_machine_3_seg084.npy
washing_machine,data/split_5s/washing_machine/washing_machine_3_seg085.wav,data/embeddings/washing_machine/washing_machine_3_seg085.npy
washing_machine,data/split_5s/washing_machine/washing_machine_3_seg086.wav,data/embeddings/washing_machine/washing_machine_3_seg086.npy
washing_machine,data/split_5s/washing_machine/washing_machine_3_seg087.wav,data/embeddings/washing_machine/washing_machine_3_seg087.npy
washing_machine,data/split_5s/washing_machine/washing_machine_3_seg088.wav,data/embeddings/washing_machine/washing_machine_3_seg088.npy
washing_machine,data/split_5s/washing_machine/washing_machine_3_seg089.wav,data/embeddings/washing_machine/washing_machine_3_seg089.npy
washing_machine,data/split_5s/washing_machine/washing_machine_3_seg090.wav,data/embeddings/washing_machine/washing_machine_3_seg090.npy
washing_machine,data/split_5s/washing_machine/washing_machine_3_seg091.wav,data/embeddings/washing_machine/washing_machine_3_seg091.npy
washing_machine,data/split_5s/washing_machine/washing_machine_3_seg092.wav,data/embeddings/washing_machine/washing_machine_3_seg092.npy
washing_machine,data/split_5s/washing_machine/washing_machine_3_seg093.wav,data/embeddings/washing_machine/washing_machine_3_seg093.npy
washing_machine,data/split_5s/washing_machine/washing_machine_3_seg094.wav,data/embeddings/washing_machine/washing_machine_3_seg094.npy
washing_machine,data/split_5s/washing_machine/washing_machine_3_seg095.wav,data/embeddings/washing_machine/washing_machine_3_seg095.npy
washing_machine,data/split_5s/washing_machine/washing_machine_3_seg096.wav,data/embeddings/washing_machine/washing_machine_3_seg096.npy
washing_machine,data/split_5s/washing_machine/washing_machine_3_seg097.wav,data/embeddings/washing_machine/washing_machine_3_seg097.npy
washing_machine,data/split_5s/washing_machine/washing_machine_3_seg098.wav,data/embeddings/washing_machine/washing_machine_3_seg098.npy
washing_machine,data/split_5s/washing_machine/washing_machine_3_seg099.wav,data/embeddings/washing_machine/washing_machine_3_seg099.npy
washing_machine,data/split_5s/washing_machine/washing_machine_3_seg100.wav,data/embeddings/washing_machine/washing_machine_3_seg100.npy
washing_machine,data/split_5s/washing_machine/washing_machine_3_seg101.wav,data/embeddings/washing_machine/washing_machine_3_seg101.npy
washing_machine,data/split_5s/washing_machine/washing_machine_3_seg102.wav,data/embeddings/washing_machine/washing_machine_3_seg102.npy
washing_machine,data/split_5s/washing_machine/washing_machine_3_seg103.wav,data/embeddings/washing_machine/washing_machine_3_seg103.npy
washing_machine,data/split_5s/washing_machine/washing_machine_3_seg104.wav,data/embeddings/washing_machine/washing_machine_3_seg104.npy
washing_machine,data/split_5s/washing_machine/washing_machine_3_seg105.wav,data/embeddings/washing_machine/washing_machine_3_seg105.npy
washing_machine,data/split_5s/washing_machine/washing_machine_3_seg106.wav,data/embeddings/washing_machine/washing_machine_3_seg106.npy
washing_machine,data/split_5s/washing_machine/washing_machine_3_seg107.wav,data/embeddings/washing_machine/washing_machine_3_seg107.npy
washing_machine,data/split_5s/washing_machine/washing_machine_3_seg108.wav,data/embeddings/washing_machine/washing_machine_3_seg108.npy
washing_machine,data/split_5s/washing_machine/washing_machine_3_seg109.wav,data/embeddings/washing_machine/washing_machine_3_seg109.npy
washing_machine,data/split_5s/washing_machine/washing_machine_3_seg110.wav,data/embeddings/washing_machine/washing_machine_3_seg110.npy
washing_machine,data/split_5s/washing_machine/washing_machine_3_seg111.wav,data/embeddings/washing_machine/washing_machine_3_seg111.npy
washing_machine,data/split_5s/washing_machine/washing_machine_3_seg112.wav,data/embeddings/washing_machine/washing_machine_3_seg112.npy
washing_machine,data/split_5s/washing_machine/washing_machine_3_seg113.wav,data/embeddings/washing_machine/washing_machine_3_seg113.npy
washing_machine,data/split_5s/washing_machine/washing_machine_3_seg114.wav,data/embeddings/washing_machine/washing_machine_3_seg114.npy
washing_machine,data/split_5s/washing_machine/washing_machine_3_seg115.wav,data/embeddings/washing_machine/washing_machine_3_seg115.npy
washing_machine,data/split_5s/washing_machine/washing_machine_3_seg116.wav,data/embeddings/washing_machine/washing_machine_3_seg116.npy
washing_machine,data/split_5s/washing_machine/washing_machine_3_seg117.wav,data/embeddings/washing_machine/washing_machine_3_seg117.npy
washing_machine,data/split_5s/washing_machine/washing_machine_3_seg118.wav,data/embeddings/washing_machine/washing_machine_3_seg118.npy
washing_machine,data/split_5s/washing_machine/washing_machine_3_seg119.wav,data/embeddings/washing_machine/washing_machine_3_seg119.npy
washing_machine,data/split_5s/washing_machine/washing_machine_3_seg120.wav,data/embeddings/washing_machine/washing_machine_3_seg120.npy
washing_machine,data/split_5s/washing_machine/washing_machine_3_seg121.wav,data/embeddings/washing_machine/washing_machine_3_seg121.npy
washing_machine,data/split_5s/washing_machine/washing_machine_3_seg122.wav,data/embeddings/washing_machine/washing_machine_3_seg122.npy
washing_machine,data/split_5s/washing_machine/washing_machine_3_seg123.wav,data/embeddings/washing_machine/washing_machine_3_seg123.npy
washing_machine,data/split_5s/washing_machine/washing_machine_3_seg124.wav,data/embeddings/washing_machine/washing_machine_3_seg124.npy
washing_machine,data/split_5s/washing_machine/washing_machine_3_seg125.wav,data/embeddings/washing_machine/washing_machine_3_seg125.npy
washing_machine,data/split_5s/washing_machine/washing_machine_3_seg126.wav,data/embeddings/washing_machine/washing_machine_3_seg126.npy
washing_machine,data/split_5s/washing_machine/washing_machine_3_seg127.wav,data/embeddings/washing_machine/washing_machine_3_seg127.npy
washing_machine,data/split_5s/washing_machine/washing_machine_3_seg128.wav,data/embeddings/washing_machine/washing_machine_3_seg128.npy
washing_machine,data/split_5s/washing_machine/washing_machine_3_seg129.wav,data/embeddings/washing_machine/washing_machine_3_seg129.npy
washing_machine,data/split_5s/washing_machine/washing_machine_3_seg130.wav,data/embeddings/washing_machine/washing_machine_3_seg130.npy
washing_machine,data/split_5s/washing_machine/washing_machine_3_seg131.wav,data/embeddings/washing_machine/washing_machine_3_seg131.npy
washing_machine,data/split_5s/washing_machine/washing_machine_3_seg132.wav,data/embeddings/washing_machine/washing_machine_3_seg132.npy
washing_machine,data/split_5s/washing_machine/washing_machine_3_seg133.wav,data/embeddings/washing_machine/washing_machine_3_seg133.npy
washing_machine,data/split_5s/washing_machine/washing_machine_3_seg134.wav,data/embeddings/washing_machine/washing_machine_3_seg134.npy
washing_machine,data/split_5s/washing_machine/washing_machine_3_seg135.wav,data/embeddings/washing_machine/washing_machine_3_seg135.npy
washing_machine,data/split_5s/washing_machine/washing_machine_3_seg136.wav,data/embeddings/washing_machine/washing_machine_3_seg136.npy
washing_machine,data/split_5s/washing_machine/washing_machine_3_seg137.wav,data/embeddings/washing_machine/washing_machine_3_seg137.npy
washing_machine,data/split_5s/washing_machine/washing_machine_3_seg138.wav,data/embeddings/washing_machine/washing_machine_3_seg138.npy
washing_machine,data/split_5s/washing_machine/washing_machine_3_seg139.wav,data/embeddings/washing_machine/washing_machine_3_seg139.npy
washing_machine,data/split_5s/washing_machine/washing_machine_3_seg140.wav,data/embeddings/washing_machine/washing_machine_3_seg140.npy
washing_machine,data/split_5s/washing_machine/washing_machine_3_seg141.wav,data/embeddings/washing_machine/washing_machine_3_seg141.npy
washing_machine,data/split_5s/washing_machine/washing_machine_3_seg142.wav,data/embeddings/washing_machine/washing_machine_3_seg142.npy
washing_machine,data/split_5s/washing_machine/washing_machine_3_seg143.wav,data/embeddings/washing_machine/washing_machine_3_seg143.npy
washing_machine,data/split_5s/washing_machine/washing_machine_3_seg144.wav,data/embeddings/washing_machine/washing_machine_3_seg144.npy
washing_machine,data/split_5s/washing_machine/washing_machine_3_seg145.wav,data/embeddings/washing_machine/washing_machine_3_seg145.npy
washing_machine,data/split_5s/washing_machine/washing_machine_3_seg146.wav,data/embeddings/washing_machine/washing_machine_3_seg146.npy
washing_machine,data/split_5s/washing_machine/washing_machine_3_seg147.wav,data/embeddings/washing_machine/washing_machine_3_seg147.npy
washing_machine,data/split_5s/washing_machine/washing_machine_3_seg148.wav,data/embeddings/washing_machine/washing_machine_3_seg148.npy
washing_machine,data/split_5s/washing_machine/washing_machine_3_seg149.wav,data/embeddings/washing_machine/washing_machine_3_seg149.npy
washing_machine,data/split_5s/washing_machine/washing_machine_3_seg150.wav,data/embeddings/washing_machine/washing_machine_3_seg150.npy
washing_machine,data/split_5s/washing_machine/washing_machine_3_seg151.wav,data/embeddings/washing_machine/washing_machine_3_seg151.npy
washing_machine,data/split_5s/washing_machine/washing_machine_3_seg152.wav,data/embeddings/washing_machine/washing_machine_3_seg152.npy
washing_machine,data/split_5s/washing_machine/washing_machine_3_seg153.wav,data/embeddings/washing_machine/washing_machine_3_seg153.npy
washing_machine,data/split_5s/washing_machine/washing_machine_3_seg154.wav,data/embeddings/washing_machine/washing_machine_3_seg154.npy
washing_machine,data/split_5s/washing_machine/washing_machine_3_seg155.wav,data/embeddings/washing_machine/washing_machine_3_seg155.npy
washing_machine,data/split_5s/washing_machine/washing_machine_3_seg156.wav,data/embeddings/washing_machine/washing_machine_3_seg156.npy
washing_machine,data/split_5s/washing_machine/washing_machine_3_seg157.wav,data/embeddings/washing_machine/washing_machine_3_seg157.npy
washing_machine,data/split_5s/washing_machine/washing_machine_3_seg158.wav,data/embeddings/washing_machine/washing_machine_3_seg158.npy
washing_machine,data/split_5s/washing_machine/washing_machine_3_seg159.wav,data/embeddings/washing_machine/washing_machine_3_seg159.npy
washing_machine,data/split_5s/washing_machine/washing_machine_3_seg160.wav,data/embeddings/washing_machine/washing_machine_3_seg160.npy
washing_machine,data/split_5s/washing_machine/washing_machine_3_seg161.wav,data/embeddings/washing_machine/washing_machine_3_seg161.npy
washing_machine,data/split_5s/washing_machine/washing_machine_3_seg162.wav,data/embeddings/washing_machine/washing_machine_3_seg162.npy
washing_machine,data/split_5s/washing_machine/washing_machine_3_seg163.wav,data/embeddings/washing_machine/washing_machine_3_seg163.npy
washing_machine,data/split_5s/washing_machine/washing_machine_3_seg164.wav,data/embeddings/washing_machine/washing_machine_3_seg164.npy
washing_machine,data/split_5s/washing_machine/washing_machine_3_seg165.wav,data/embeddings/washing_machine/washing_machine_3_seg165.npy
washing_machine,data/split_5s/washing_machine/washing_machine_3_seg166.wav,data/embeddings/washing_machine/washing_machine_3_seg166.npy
washing_machine,data/split_5s/washing_machine/washing_machine_3_seg167.wav,data/embeddings/washing_machine/washing_machine_3_seg167.npy
washing_machine,data/split_5s/washing_machine/washing_machine_3_seg168.wav,data/embeddings/washing_machine/washing_machine_3_seg168.npy
washing_machine,data/split_5s/washing_machine/washing_machine_3_seg169.wav,data/embeddings/washing_machine/washing_machine_3_seg169.npy
washing_machine,data/split_5s/washing_machine/washing_machine_3_seg170.wav,data/embeddings/washing_machine/washing_machine_3_seg170.npy
washing_machine,data/split_5s/washing_machine/washing_machine_3_seg171.wav,data/embeddings/washing_machine/washing_machine_3_seg171.npy
washing_machine,data/split_5s/washing_machine/washing_machine_3_seg172.wav,data/embeddings/washing_machine/washing_machine_3_seg172.npy
washing_machine,data/split_5s/washing_machine/washing_machine_3_seg173.wav,data/embeddings/washing_machine/washing_machine_3_seg173.npy
washing_machine,data/split_5s/washing_machine/washing_machine_3_seg174.wav,data/embeddings/washing_machine/washing_machine_3_seg174.npy
washing_machine,data/split_5s/washing_machine/washing_machine_3_seg175.wav,data/embeddings/washing_machine/washing_machine_3_seg175.npy
washing_machine,data/split_5s/washing_machine/washing_machine_3_seg176.wav,data/embeddings/washing_machine/washing_machine_3_seg176.npy
washing_machine,data/split_5s/washing_machine/washing_machine_3_seg177.wav,data/embeddings/washing_machine/washing_machine_3_seg177.npy
washing_machine,data/split_5s/washing_machine/washing_machine_3_seg178.wav,data/embeddings/washing_machine/washing_machine_3_seg178.npy
washing_machine,data/split_5s/washing_machine/washing_machine_3_seg179.wav,data/embeddings/washing_machine/washing_machine_3_seg179.npy
washing_machine,data/split_5s/washing_machine/washing_machine_3_seg180.wav,data/embeddings/washing_machine/washing_machine_3_seg180.npy
washing_machine,data/split_5s/washing_machine/washing_machine_3_seg181.wav,data/embeddings/washing_machine/washing_machine_3_seg181.npy
washing_machine,data/split_5s/washing_machine/washing_machine_3_seg182.wav,data/embeddings/washing_machine/washing_machine_3_seg182.npy
washing_machine,data/split_5s/washing_machine/washing_machine_3_seg183.wav,data/embeddings/washing_machine/washing_machine_3_seg183.npy
washing_machine,data/split_5s/washing_machine/washing_machine_3_seg184.wav,data/embeddings/washing_machine/washing_machine_3_seg184.npy
washing_machine,data/split_5s/washing_machine/washing_machine_3_seg185.wav,data/embeddings/washing_machine/washing_machine_3_seg185.npy
washing_machine,data/split_5s/washing_machine/washing_machine_3_seg186.wav,data/embeddings/washing_machine/washing_machine_3_seg186.npy
washing_machine,data/split_5s/washing_machine/washing_machine_3_seg187.wav,data/embeddings/washing_machine/washing_machine_3_seg187.npy
washing_machine,data/split_5s/washing_machine/washing_machine_3_seg188.wav,data/embeddings/washing_machine/washing_machine_3_seg188.npy
washing_machine,data/split_5s/washing_machine/washing_machine_3_seg189.wav,data/embeddings/washing_machine/washing_machine_3_seg189.npy
washing_machine,data/split_5s/washing_machine/washing_machine_3_seg190.wav,data/embeddings/washing_machine/washing_machine_3_seg190.npy
washing_machine,data/split_5s/washing_machine/washing_machine_3_seg191.wav,data/embeddings/washing_machine/washing_machine_3_seg191.npy
washing_machine,data/split_5s/washing_machine/washing_machine_3_seg192.wav,data/embeddings/washing_machine/washing_machine_3_seg192.npy
washing_machine,data/split_5s/washing_machine/washing_machine_3_seg193.wav,data/embeddings/washing_machine/washing_machine_3_seg193.npy
washing_machine,data/split_5s/washing_machine/washing_machine_3_seg194.wav,data/embeddings/washing_machine/washing_machine_3_seg194.npy
washing_machine,data/split_5s/washing_machine/washing_machine_3_seg195.wav,data/embeddings/washing_machine/washing_machine_3_seg195.npy
washing_machine,data/split_5s/washing_machine/washing_machine_3_seg196.wav,data/embeddings/washing_machine/washing_machine_3_seg196.npy
washing_machine,data/split_5s/washing_machine/washing_machine_3_seg197.wav,data/embeddings/washing_machine/washing_machine_3_seg197.npy
washing_machine,data/split_5s/washing_machine/washing_machine_3_seg198.wav,data/embeddings/washing_machine/washing_machine_3_seg198.npy
washing_machine,data/split_5s/washing_machine/washing_machine_3_seg199.wav,data/embeddings/washing_machine/washing_machine_3_seg199.npy
washing_machine,data/split_5s/washing_machine/washing_machine_3_seg200.wav,data/embeddings/washing_machine/washing_machine_3_seg200.npy
washing_machine,data/split_5s/washing_machine/washing_machine_3_seg201.wav,data/embeddings/washing_machine/washing_machine_3_seg201.npy
washing_machine,data/split_5s/washing_machine/washing_machine_3_seg202.wav,data/embeddings/washing_machine/washing_machine_3_seg202.npy
washing_machine,data/split_5s/washing_machine/washing_machine_3_seg203.wav,data/embeddings/washing_machine/washing_machine_3_seg203.npy
washing_machine,data/split_5s/washing_machine/washing_machine_3_seg204.wav,data/embeddings/washing_machine/washing_machine_3_seg204.npy
washing_machine,data/split_5s/washing_machine/washing_machine_3_seg205.wav,data/embeddings/washing_machine/washing_machine_3_seg205.npy
washing_machine,data/split_5s/washing_machine/washing_machine_3_seg206.wav,data/embeddings/washing_machine/washing_machine_3_seg206.npy
washing_machine,data/split_5s/washing_machine/washing_machine_3_seg207.wav,data/embeddings/washing_machine/washing_machine_3_seg207.npy
washing_machine,data/split_5s/washing_machine/washing_machine_3_seg208.wav,data/embeddings/washing_machine/washing_machine_3_seg208.npy
washing_machine,data/split_5s/washing_machine/washing_machine_3_seg209.wav,data/embeddings/washing_machine/washing_machine_3_seg209.npy
washing_machine,data/split_5s/washing_machine/washing_machine_3_seg210.wav,data/embeddings/washing_machine/washing_machine_3_seg210.npy
washing_machine,data/split_5s/washing_machine/washing_machine_3_seg211.wav,data/embeddings/washing_machine/washing_machine_3_seg211.npy
washing_machine,data/split_5s/washing_machine/washing_machine_3_seg212.wav,data/embeddings/washing_machine/washing_machine_3_seg212.npy
washing_machine,data/split_5s/washing_machine/washing_machine_3_seg213.wav,data/embeddings/washing_machine/washing_machine_3_seg213.npy
washing_machine,data/split_5s/washing_machine/washing_machine_3_seg214.wav,data/embeddings/washing_machine/washing_machine_3_seg214.npy
washing_machine,data/split_5s/washing_machine/washing_machine_3_seg215.wav,data/embeddings/washing_machine/washing_machine_3_seg215.npy
washing_machine,data/split_5s/washing_machine/washing_machine_3_seg216.wav,data/embeddings/washing_machine/washing_machine_3_seg216.npy
washing_machine,data/split_5s/washing_machine/washing_machine_3_seg217.wav,data/embeddings/washing_machine/washing_machine_3_seg217.npy
washing_machine,data/split_5s/washing_machine/washing_machine_3_seg218.wav,data/embeddings/washing_machine/washing_machine_3_seg218.npy
washing_machine,data/split_5s/washing_machine/washing_machine_3_seg219.wav,data/embeddings/washing_machine/washing_machine_3_seg219.npy
washing_machine,data/split_5s/washing_machine/washing_machine_3_seg220.wav,data/embeddings/washing_machine/washing_machine_3_seg220.npy
washing_machine,data/split_5s/washing_machine/washing_machine_3_seg221.wav,data/embeddings/washing_machine/washing_machine_3_seg221.npy
washing_machine,data/split_5s/washing_machine/washing_machine_3_seg222.wav,data/embeddings/washing_machine/washing_machine_3_seg222.npy
washing_machine,data/split_5s/washing_machine/washing_machine_3_seg223.wav,data/embeddings/washing_machine/washing_machine_3_seg223.npy
washing_machine,data/split_5s/washing_machine/washing_machine_3_seg224.wav,data/embeddings/washing_machine/washing_machine_3_seg224.npy
washing_machine,data/split_5s/washing_machine/washing_machine_3_seg225.wav,data/embeddings/washing_machine/washing_machine_3_seg225.npy
washing_machine,data/split_5s/washing_machine/washing_machine_3_seg226.wav,data/embeddings/washing_machine/washing_machine_3_seg226.npy
washing_machine,data/split_5s/washing_machine/washing_machine_3_seg227.wav,data/embeddings/washing_machine/washing_machine_3_seg227.npy
washing_machine,data/split_5s/washing_machine/washing_machine_3_seg228.wav,data/embeddings/washing_machine/washing_machine_3_seg228.npy
washing_machine,data/split_5s/washing_machine/washing_machine_3_seg229.wav,data/embeddings/washing_machine/washing_machine_3_seg229.npy
washing_machine,data/split_5s/washing_machine/washing_machine_3_seg230.wav,data/embeddings/washing_machine/washing_machine_3_seg230.npy
washing_machine,data/split_5s/washing_machine/washing_machine_3_seg231.wav,data/embeddings/washing_machine/washing_machine_3_seg231.npy
washing_machine,data/split_5s/washing_machine/washing_machine_3_seg232.wav,data/embeddings/washing_machine/washing_machine_3_seg232.npy
washing_machine,data/split_5s/washing_machine/washing_machine_3_seg233.wav,data/embeddings/washing_machine/washing_machine_3_seg233.npy
washing_machine,data/split_5s/washing_machine/washing_machine_3_seg234.wav,data/embeddings/washing_machine/washing_machine_3_seg234.npy
washing_machine,data/split_5s/washing_machine/washing_machine_3_seg235.wav,data/embeddings/washing_machine/washing_machine_3_seg235.npy
washing_machine,data/split_5s/washing_machine/washing_machine_3_seg236.wav,data/embeddings/washing_machine/washing_machine_3_seg236.npy
washing_machine,data/split_5s/washing_machine/washing_machine_3_seg237.wav,data/embeddings/washing_machine/washing_machine_3_seg237.npy
washing_machine,data/split_5s/washing_machine/washing_machine_3_seg238.wav,data/embeddings/washing_machine/washing_machine_3_seg238.npy
washing_machine,data/split_5s/washing_machine/washing_machine_3_seg239.wav,data/embeddings/washing_machine/washing_machine_3_seg239.npy
washing_machine,data/split_5s/washing_machine/washing_machine_3_seg240.wav,data/embeddings/washing_machine/washing_machine_3_seg240.npy
washing_machine,data/split_5s/washing_machine/washing_machine_3_seg241.wav,data/embeddings/washing_machine/washing_machine_3_seg241.npy
washing_machine,data/split_5s/washing_machine/washing_machine_3_seg242.wav,data/embeddings/washing_machine/washing_machine_3_seg242.npy
washing_machine,data/split_5s/washing_machine/washing_machine_3_seg243.wav,data/embeddings/washing_machine/washing_machine_3_seg243.npy
washing_machine,data/split_5s/washing_machine/washing_machine_3_seg244.wav,data/embeddings/washing_machine/washing_machine_3_seg244.npy
washing_machine,data/split_5s/washing_machine/washing_machine_3_seg245.wav,data/embeddings/washing_machine/washing_machine_3_seg245.npy
washing_machine,data/split_5s/washing_machine/washing_machine_3_seg246.wav,data/embeddings/washing_machine/washing_machine_3_seg246.npy
washing_machine,data/split_5s/washing_machine/washing_machine_3_seg247.wav,data/embeddings/washing_machine/washing_machine_3_seg247.npy
washing_machine,data/split_5s/washing_machine/washing_machine_3_seg248.wav,data/embeddings/washing_machine/washing_machine_3_seg248.npy
washing_machine,data/split_5s/washing_machine/washing_machine_3_seg249.wav,data/embeddings/washing_machine/washing_machine_3_seg249.npy
washing_machine,data/split_5s/washing_machine/washing_machine_3_seg250.wav,data/embeddings/washing_machine/washing_machine_3_seg250.npy
washing_machine,data/split_5s/washing_machine/washing_machine_3_seg251.wav,data/embeddings/washing_machine/washing_machine_3_seg251.npy
washing_machine,data/split_5s/washing_machine/washing_machine_3_seg252.wav,data/embeddings/washing_machine/washing_machine_3_seg252.npy
washing_machine,data/split_5s/washing_machine/washing_machine_3_seg253.wav,data/embeddings/washing_machine/washing_machine_3_seg253.npy
washing_machine,data/split_5s/washing_machine/washing_machine_3_seg254.wav,data/embeddings/washing_machine/washing_machine_3_seg254.npy
washing_machine,data/split_5s/washing_machine/washing_machine_3_seg255.wav,data/embeddings/washing_machine/washing_machine_3_seg255.npy
washing_machine,data/split_5s/washing_machine/washing_machine_3_seg256.wav,data/embeddings/washing_machine/washing_machine_3_seg256.npy
washing_machine,data/split_5s/washing_machine/washing_machine_3_seg257.wav,data/embeddings/washing_machine/washing_machine_3_seg257.npy
washing_machine,data/split_5s/washing_machine/washing_machine_3_seg258.wav,data/embeddings/washing_machine/washing_machine_3_seg258.npy
washing_machine,data/split_5s/washing_machine/washing_machine_3_seg259.wav,data/embeddings/washing_machine/washing_machine_3_seg259.npy
washing_machine,data/split_5s/washing_machine/washing_machine_3_seg260.wav,data/embeddings/washing_machine/washing_machine_3_seg260.npy
washing_machine,data/split_5s/washing_machine/washing_machine_3_seg261.wav,data/embeddings/washing_machine/washing_machine_3_seg261.npy
washing_machine,data/split_5s/washing_machine/washing_machine_3_seg262.wav,data/embeddings/washing_machine/washing_machine_3_seg262.npy
washing_machine,data/split_5s/washing_machine/washing_machine_3_seg263.wav,data/embeddings/washing_machine/washing_machine_3_seg263.npy
washing_machine,data/split_5s/washing_machine/washing_machine_3_seg264.wav,data/embeddings/washing_machine/washing_machine_3_seg264.npy
washing_machine,data/split_5s/washing_machine/washing_machine_3_seg265.wav,data/embeddings/washing_machine/washing_machine_3_seg265.npy
washing_machine,data/split_5s/washing_machine/washing_machine_3_seg266.wav,data/embeddings/washing_machine/washing_machine_3_seg266.npy
washing_machine,data/split_5s/washing_machine/washing_machine_3_seg267.wav,data/embeddings/washing_machine/washing_machine_3_seg267.npy
washing_machine,data/split_5s/washing_machine/washing_machine_3_seg268.wav,data/embeddings/washing_machine/washing_machine_3_seg268.npy
washing_machine,data/split_5s/washing_machine/washing_machine_3_seg269.wav,data/embeddings/washing_machine/washing_machine_3_seg269.npy
washing_machine,data/split_5s/washing_machine/washing_machine_3_seg270.wav,data/embeddings/washing_machine/washing_machine_3_seg270.npy
washing_machine,data/split_5s/washing_machine/washing_machine_3_seg271.wav,data/embeddings/washing_machine/washing_machine_3_seg271.npy
washing_machine,data/split_5s/washing_machine/washing_machine_3_seg272.wav,data/embeddings/washing_machine/washing_machine_3_seg272.npy
washing_machine,data/split_5s/washing_machine/washing_machine_3_seg273.wav,data/embeddings/washing_machine/washing_machine_3_seg273.npy
washing_machine,data/split_5s/washing_machine/washing_machine_3_seg274.wav,data/embeddings/washing_machine/washing_machine_3_seg274.npy
washing_machine,data/split_5s/washing_machine/washing_machine_3_seg275.wav,data/embeddings/washing_machine/washing_machine_3_seg275.npy
washing_machine,data/split_5s/washing_machine/washing_machine_3_seg276.wav,data/embeddings/washing_machine/washing_machine_3_seg276.npy
washing_machine,data/split_5s/washing_machine/washing_machine_3_seg277.wav,data/embeddings/washing_machine/washing_machine_3_seg277.npy
washing_machine,data/split_5s/washing_machine/washing_machine_3_seg278.wav,data/embeddings/washing_machine/washing_machine_3_seg278.npy
washing_machine,data/split_5s/washing_machine/washing_machine_3_seg279.wav,data/embeddings/washing_machine/washing_machine_3_seg279.npy
washing_machine,data/split_5s/washing_machine/washing_machine_3_seg280.wav,data/embeddings/washing_machine/washing_machine_3_seg280.npy
washing_machine,data/split_5s/washing_machine/washing_machine_3_seg281.wav,data/embeddings/washing_machine/washing_machine_3_seg281.npy
washing_machine,data/split_5s/washing_machine/washing_machine_3_seg282.wav,data/embeddings/washing_machine/washing_machine_3_seg282.npy
washing_machine,data/split_5s/washing_machine/washing_machine_3_seg283.wav,data/embeddings/washing_machine/washing_machine_3_seg283.npy
washing_machine,data/split_5s/washing_machine/washing_machine_3_seg284.wav,data/embeddings/washing_machine/washing_machine_3_seg284.npy
washing_machine,data/split_5s/washing_machine/washing_machine_3_seg285.wav,data/embeddings/washing_machine/washing_machine_3_seg285.npy
washing_machine,data/split_5s/washing_machine/washing_machine_3_seg286.wav,data/embeddings/washing_machine/washing_machine_3_seg286.npy
washing_machine,data/split_5s/washing_machine/washing_machine_3_seg287.wav,data/embeddings/washing_machine/washing_machine_3_seg287.npy
washing_machine,data/split_5s/washing_machine/washing_machine_4_seg000.wav,data/embeddings/washing_machine/washing_machine_4_seg000.npy
washing_machine,data/split_5s/washing_machine/washing_machine_4_seg001.wav,data/embeddings/washing_machine/washing_machine_4_seg001.npy
washing_machine,data/split_5s/washing_machine/washing_machine_4_seg002.wav,data/embeddings/washing_machine/washing_machine_4_seg002.npy
washing_machine,data/split_5s/washing_machine/washing_machine_4_seg003.wav,data/embeddings/washing_machine/washing_machine_4_seg003.npy
washing_machine,data/split_5s/washing_machine/washing_machine_4_seg004.wav,data/embeddings/washing_machine/washing_machine_4_seg004.npy
washing_machine,data/split_5s/washing_machine/washing_machine_4_seg005.wav,data/embeddings/washing_machine/washing_machine_4_seg005.npy
washing_machine,data/split_5s/washing_machine/washing_machine_4_seg006.wav,data/embeddings/washing_machine/washing_machine_4_seg006.npy
washing_machine,data/split_5s/washing_machine/washing_machine_4_seg007.wav,data/embeddings/washing_machine/washing_machine_4_seg007.npy
washing_machine,data/split_5s/washing_machine/washing_machine_4_seg008.wav,data/embeddings/washing_machine/washing_machine_4_seg008.npy
washing_machine,data/split_5s/washing_machine/washing_machine_4_seg009.wav,data/embeddings/washing_machine/washing_machine_4_seg009.npy
washing_machine,data/split_5s/washing_machine/washing_machine_4_seg010.wav,data/embeddings/washing_machine/washing_machine_4_seg010.npy
washing_machine,data/split_5s/washing_machine/washing_machine_4_seg011.wav,data/embeddings/washing_machine/washing_machine_4_seg011.npy
washing_machine,data/split_5s/washing_machine/washing_machine_4_seg012.wav,data/embeddings/washing_machine/washing_machine_4_seg012.npy
washing_machine,data/split_5s/washing_machine/washing_machine_4_seg013.wav,data/embeddings/washing_machine/washing_machine_4_seg013.npy
washing_machine,data/split_5s/washing_machine/washing_machine_4_seg014.wav,data/embeddings/washing_machine/washing_machine_4_seg014.npy
washing_machine,data/split_5s/washing_machine/washing_machine_4_seg015.wav,data/embeddings/washing_machine/washing_machine_4_seg015.npy
washing_machine,data/split_5s/washing_machine/washing_machine_4_seg016.wav,data/embeddings/washing_machine/washing_machine_4_seg016.npy
washing_machine,data/split_5s/washing_machine/washing_machine_5_seg000.wav,data/embeddings/washing_machine/washing_machine_5_seg000.npy
washing_machine,data/split_5s/washing_machine/washing_machine_5_seg001.wav,data/embeddings/washing_machine/washing_machine_5_seg001.npy
washing_machine,data/split_5s/washing_machine/washing_machine_5_seg002.wav,data/embeddings/washing_machine/washing_machine_5_seg002.npy
washing_machine,data/split_5s/washing_machine/washing_machine_6_seg000.wav,data/embeddings/washing_machine/washing_machine_6_seg000.npy
washing_machine,data/split_5s/washing_machine/washing_machine_6_seg001.wav,data/embeddings/washing_machine/washing_machine_6_seg001.npy
washing_machine,data/split_5s/washing_machine/washing_machine_6_seg002.wav,data/embeddings/washing_machine/washing_machine_6_seg002.npy
washing_machine,data/split_5s/washing_machine/washing_machine_6_seg003.wav,data/embeddings/washing_machine/washing_machine_6_seg003.npy
washing_machine,data/split_5s/washing_machine/washing_machine_6_seg004.wav,data/embeddings/washing_machine/washing_machine_6_seg004.npy
washing_machine,data/split_5s/washing_machine/washing_machine_6_seg005.wav,data/embeddings/washing_machine/washing_machine_6_seg005.npy
washing_machine,data/split_5s/washing_machine/washing_machine_6_seg006.wav,data/embeddings/washing_machine/washing_machine_6_seg006.npy
washing_machine,data/split_5s/washing_machine/washing_machine_6_seg007.wav,data/embeddings/washing_machine/washing_machine_6_seg007.npy
washing_machine,data/split_5s/washing_machine/washing_machine_6_seg008.wav,data/embeddings/washing_machine/washing_machine_6_seg008.npy
washing_machine,data/split_5s/washing_machine/washing_machine_6_seg009.wav,data/embeddings/washing_machine/washing_machine_6_seg009.npy
washing_machine,data/split_5s/washing_machine/washing_machine_6_seg010.wav,data/embeddings/washing_machine/washing_machine_6_seg010.npy
washing_machine,data/split_5s/washing_machine/washing_machine_6_seg011.wav,data/embeddings/washing_machine/washing_machine_6_seg011.npy
washing_machine,data/split_5s/washing_machine/washing_machine_6_seg012.wav,data/embeddings/washing_machine/washing_machine_6_seg012.npy
washing_machine,data/split_5s/washing_machine/washing_machine_6_seg013.wav,data/embeddings/washing_machine/washing_machine_6_seg013.npy
washing_machine,data/split_5s/washing_machine/washing_machine_6_seg014.wav,data/embeddings/washing_machine/washing_machine_6_seg014.npy
washing_machine,data/split_5s/washing_machine/washing_machine_6_seg015.wav,data/embeddings/washing_machine/washing_machine_6_seg015.npy
washing_machine,data/split_5s/washing_machine/washing_machine_6_seg016.wav,data/embeddings/washing_machine/washing_machine_6_seg016.npy
washing_machine,data/split_5s/washing_machine/washing_machine_6_seg017.wav,data/embeddings/washing_machine/washing_machine_6_seg017.npy
washing_machine,data/split_5s/washing_machine/washing_machine_6_seg018.wav,data/embeddings/washing_machine/washing_machine_6_seg018.npy
washing_machine,data/split_5s/washing_machine/washing_machine_6_seg019.wav,data/embeddings/washing_machine/washing_machine_6_seg019.npy
washing_machine,data/split_5s/washing_machine/washing_machine_6_seg020.wav,data/embeddings/washing_machine/washing_machine_6_seg020.npy
washing_machine,data/split_5s/washing_machine/washing_machine_6_seg021.wav,data/embeddings/washing_machine/washing_machine_6_seg021.npy
washing_machine,data/split_5s/washing_machine/washing_machine_6_seg022.wav,data/embeddings/washing_machine/washing_machine_6_seg022.npy
washing_machine,data/split_5s/washing_machine/washing_machine_6_seg023.wav,data/embeddings/washing_machine/washing_machine_6_seg023.npy
washing_machine,data/split_5s/washing_machine/washing_machine_6_seg024.wav,data/embeddings/washing_machine/washing_machine_6_seg024.npy
washing_machine,data/split_5s/washing_machine/washing_machine_6_seg025.wav,data/embeddings/washing_machine/washing_machine_6_seg025.npy
washing_machine,data/split_5s/washing_machine/washing_machine_6_seg026.wav,data/embeddings/washing_machine/washing_machine_6_seg026.npy
washing_machine,data/split_5s/washing_machine/washing_machine_6_seg027.wav,data/embeddings/washing_machine/washing_machine_6_seg027.npy
washing_machine,data/split_5s/washing_machine/washing_machine_6_seg028.wav,data/embeddings/washing_machine/washing_machine_6_seg028.npy
washing_machine,data/split_5s/washing_machine/washing_machine_6_seg029.wav,data/embeddings/washing_machine/washing_machine_6_seg029.npy
washing_machine,data/split_5s/washing_machine/washing_machine_6_seg030.wav,data/embeddings/washing_machine/washing_machine_6_seg030.npy
washing_machine,data/split_5s/washing_machine/washing_machine_6_seg031.wav,data/embeddings/washing_machine/washing_machine_6_seg031.npy
washing_machine,data/split_5s/washing_machine/washing_machine_6_seg032.wav,data/embeddings/washing_machine/washing_machine_6_seg032.npy
washing_machine,data/split_5s/washing_machine/washing_machine_6_seg033.wav,data/embeddings/washing_machine/washing_machine_6_seg033.npy
washing_machine,data/split_5s/washing_machine/washing_machine_6_seg034.wav,data/embeddings/washing_machine/washing_machine_6_seg034.npy
washing_machine,data/split_5s/washing_machine/washing_machine_6_seg035.wav,data/embeddings/washing_machine/washing_machine_6_seg035.npy
washing_machine,data/split_5s/washing_machine/washing_machine_6_seg036.wav,data/embeddings/washing_machine/washing_machine_6_seg036.npy
washing_machine,data/split_5s/washing_machine/washing_machine_6_seg037.wav,data/embeddings/washing_machine/washing_machine_6_seg037.npy
washing_machine,data/split_5s/washing_machine/washing_machine_6_seg038.wav,data/embeddings/washing_machine/washing_machine_6_seg038.npy
washing_machine,data/split_5s/washing_machine/washing_machine_6_seg039.wav,data/embeddings/washing_machine/washing_machine_6_seg039.npy
washing_machine,data/split_5s/washing_machine/washing_machine_6_seg040.wav,data/embeddings/washing_machine/washing_machine_6_seg040.npy
washing_machine,data/split_5s/washing_machine/washing_machine_6_seg041.wav,data/embeddings/washing_machine/washing_machine_6_seg041.npy
washing_machine,data/split_5s/washing_machine/washing_machine_6_seg042.wav,data/embeddings/washing_machine/washing_machine_6_seg042.npy
washing_machine,data/split_5s/washing_machine/washing_machine_6_seg043.wav,data/embeddings/washing_machine/washing_machine_6_seg043.npy
washing_machine,data/split_5s/washing_machine/washing_machine_6_seg044.wav,data/embeddings/washing_machine/washing_machine_6_seg044.npy
washing_machine,data/split_5s/washing_machine/washing_machine_6_seg045.wav,data/embeddings/washing_machine/washing_machine_6_seg045.npy
washing_machine,data/split_5s/washing_machine/washing_machine_6_seg046.wav,data/embeddings/washing_machine/washing_machine_6_seg046.npy
washing_machine,data/split_5s/washing_machine/washing_machine_6_seg047.wav,data/embeddings/washing_machine/washing_machine_6_seg047.npy
washing_machine,data/split_5s/washing_machine/washing_machine_6_seg048.wav,data/embeddings/washing_machine/washing_machine_6_seg048.npy
washing_machine,data/split_5s/washing_machine/washing_machine_6_seg049.wav,data/embeddings/washing_machine/washing_machine_6_seg049.npy
washing_machine,data/split_5s/washing_machine/washing_machine_6_seg050.wav,data/embeddings/washing_machine/washing_machine_6_seg050.npy
washing_machine,data/split_5s/washing_machine/washing_machine_6_seg051.wav,data/embeddings/washing_machine/washing_machine_6_seg051.npy
washing_machine,data/split_5s/washing_machine/washing_machine_6_seg052.wav,data/embeddings/washing_machine/washing_machine_6_seg052.npy
washing_machine,data/split_5s/washing_machine/washing_machine_6_seg053.wav,data/embeddings/washing_machine/washing_machine_6_seg053.npy
washing_machine,data/split_5s/washing_machine/washing_machine_6_seg054.wav,data/embeddings/washing_machine/washing_machine_6_seg054.npy
washing_machine,data/split_5s/washing_machine/washing_machine_6_seg055.wav,data/embeddings/washing_machine/washing_machine_6_seg055.npy
washing_machine,data/split_5s/washing_machine/washing_machine_6_seg056.wav,data/embeddings/washing_machine/washing_machine_6_seg056.npy
washing_machine,data/split_5s/washing_machine/washing_machine_6_seg057.wav,data/embeddings/washing_machine/washing_machine_6_seg057.npy
washing_machine,data/split_5s/washing_machine/washing_machine_6_seg058.wav,data/embeddings/washing_machine/washing_machine_6_seg058.npy
washing_machine,data/split_5s/washing_machine/washing_machine_6_seg059.wav,data/embeddings/washing_machine/washing_machine_6_seg059.npy
washing_machine,data/split_5s/washing_machine/washing_machine_6_seg060.wav,data/embeddings/washing_machine/washing_machine_6_seg060.npy
washing_machine,data/split_5s/washing_machine/washing_machine_6_seg061.wav,data/embeddings/washing_machine/washing_machine_6_seg061.npy
washing_machine,data/split_5s/washing_machine/washing_machine_6_seg062.wav,data/embeddings/washing_machine/washing_machine_6_seg062.npy
washing_machine,data/split_5s/washing_machine/washing_machine_6_seg063.wav,data/embeddings/washing_machine/washing_machine_6_seg063.npy
washing_machine,data/split_5s/washing_machine/washing_machine_6_seg064.wav,data/embeddings/washing_machine/washing_machine_6_seg064.npy
washing_machine,data/split_5s/washing_machine/washing_machine_6_seg065.wav,data/embeddings/washing_machine/washing_machine_6_seg065.npy
washing_machine,data/split_5s/washing_machine/washing_machine_6_seg066.wav,data/embeddings/washing_machine/washing_machine_6_seg066.npy
washing_machine,data/split_5s/washing_machine/washing_machine_6_seg067.wav,data/embeddings/washing_machine/washing_machine_6_seg067.npy
washing_machine,data/split_5s/washing_machine/washing_machine_6_seg068.wav,data/embeddings/washing_machine/washing_machine_6_seg068.npy
washing_machine,data/split_5s/washing_machine/washing_machine_6_seg069.wav,data/embeddings/washing_machine/washing_machine_6_seg069.npy
washing_machine,data/split_5s/washing_machine/washing_machine_6_seg070.wav,data/embeddings/washing_machine/washing_machine_6_seg070.npy
washing_machine,data/split_5s/washing_machine/washing_machine_6_seg071.wav,data/embeddings/washing_machine/washing_machine_6_seg071.npy
washing_machine,data/split_5s/washing_machine/washing_machine_6_seg072.wav,data/embeddings/washing_machine/washing_machine_6_seg072.npy
washing_machine,data/split_5s/washing_machine/washing_machine_6_seg073.wav,data/embeddings/washing_machine/washing_machine_6_seg073.npy
washing_machine,data/split_5s/washing_machine/washing_machine_6_seg074.wav,data/embeddings/washing_machine/washing_machine_6_seg074.npy
washing_machine,data/split_5s/washing_machine/washing_machine_6_seg075.wav,data/embeddings/washing_machine/washing_machine_6_seg075.npy
washing_machine,data/split_5s/washing_machine/washing_machine_6_seg076.wav,data/embeddings/washing_machine/washing_machine_6_seg076.npy
washing_machine,data/split_5s/washing_machine/washing_machine_6_seg077.wav,data/embeddings/washing_machine/washing_machine_6_seg077.npy
washing_machine,data/split_5s/washing_machine/washing_machine_6_seg078.wav,data/embeddings/washing_machine/washing_machine_6_seg078.npy
washing_machine,data/split_5s/washing_machine/washing_machine_6_seg079.wav,data/embeddings/washing_machine/washing_machine_6_seg079.npy
washing_machine,data/split_5s/washing_machine/washing_machine_6_seg080.wav,data/embeddings/washing_machine/washing_machine_6_seg080.npy
washing_machine,data/split_5s/washing_machine/washing_machine_6_seg081.wav,data/embeddings/washing_machine/washing_machine_6_seg081.npy
washing_machine,data/split_5s/washing_machine/washing_machine_6_seg082.wav,data/embeddings/washing_machine/washing_machine_6_seg082.npy
washing_machine,data/split_5s/washing_machine/washing_machine_6_seg083.wav,data/embeddings/washing_machine/washing_machine_6_seg083.npy
washing_machine,data/split_5s/washing_machine/washing_machine_6_seg084.wav,data/embeddings/washing_machine/washing_machine_6_seg084.npy
washing_machine,data/split_5s/washing_machine/washing_machine_6_seg085.wav,data/embeddings/washing_machine/washing_machine_6_seg085.npy
washing_machine,data/split_5s/washing_machine/washing_machine_6_seg086.wav,data/embeddings/washing_machine/washing_machine_6_seg086.npy
washing_machine,data/split_5s/washing_machine/washing_machine_6_seg087.wav,data/embeddings/washing_machine/washing_machine_6_seg087.npy
washing_machine,data/split_5s/washing_machine/washing_machine_6_seg088.wav,data/embeddings/washing_machine/washing_machine_6_seg088.npy
washing_machine,data/split_5s/washing_machine/washing_machine_6_seg089.wav,data/embeddings/washing_machine/washing_machine_6_seg089.npy
washing_machine,data/split_5s/washing_machine/washing_machine_6_seg090.wav,data/embeddings/washing_machine/washing_machine_6_seg090.npy
washing_machine,data/split_5s/washing_machine/washing_machine_6_seg091.wav,data/embeddings/washing_machine/washing_machine_6_seg091.npy
washing_machine,data/split_5s/washing_machine/washing_machine_6_seg092.wav,data/embeddings/washing_machine/washing_machine_6_seg092.npy
washing_machine,data/split_5s/washing_machine/washing_machine_6_seg093.wav,data/embeddings/washing_machine/washing_machine_6_seg093.npy
washing_machine,data/split_5s/washing_machine/washing_machine_6_seg094.wav,data/embeddings/washing_machine/washing_machine_6_seg094.npy
washing_machine,data/split_5s/washing_machine/washing_machine_6_seg095.wav,data/embeddings/washing_machine/washing_machine_6_seg095.npy
washing_machine,data/split_5s/washing_machine/washing_machine_6_seg096.wav,data/embeddings/washing_machine/washing_machine_6_seg096.npy
washing_machine,data/split_5s/washing_machine/washing_machine_6_seg097.wav,data/embeddings/washing_machine/washing_machine_6_seg097.npy
washing_machine,data/split_5s/washing_machine/washing_machine_6_seg098.wav,data/embeddings/washing_machine/washing_machine_6_seg098.npy
washing_machine,data/split_5s/washing_machine/washing_machine_6_seg099.wav,data/embeddings/washing_machine/washing_machine_6_seg099.npy
washing_machine,data/split_5s/washing_machine/washing_machine_6_seg100.wav,data/embeddings/washing_machine/washing_machine_6_seg100.npy
washing_machine,data/split_5s/washing_machine/washing_machine_6_seg101.wav,data/embeddings/washing_machine/washing_machine_6_seg101.npy
washing_machine,data/split_5s/washing_machine/washing_machine_6_seg102.wav,data/embeddings/washing_machine/washing_machine_6_seg102.npy
washing_machine,data/split_5s/washing_machine/washing_machine_6_seg103.wav,data/embeddings/washing_machine/washing_machine_6_seg103.npy
washing_machine,data/split_5s/washing_machine/washing_machine_6_seg104.wav,data/embeddings/washing_machine/washing_machine_6_seg104.npy
washing_machine,data/split_5s/washing_machine/washing_machine_6_seg105.wav,data/embeddings/washing_machine/washing_machine_6_seg105.npy
washing_machine,data/split_5s/washing_machine/washing_machine_6_seg106.wav,data/embeddings/washing_machine/washing_machine_6_seg106.npy
washing_machine,data/split_5s/washing_machine/washing_machine_6_seg107.wav,data/embeddings/washing_machine/washing_machine_6_seg107.npy
washing_machine,data/split_5s/washing_machine/washing_machine_6_seg108.wav,data/embeddings/washing_machine/washing_machine_6_seg108.npy
washing_machine,data/split_5s/washing_machine/washing_machine_6_seg109.wav,data/embeddings/washing_machine/washing_machine_6_seg109.npy
washing_machine,data/split_5s/washing_machine/washing_machine_6_seg110.wav,data/embeddings/washing_machine/washing_machine_6_seg110.npy
washing_machine,data/split_5s/washing_machine/washing_machine_6_seg111.wav,data/embeddings/washing_machine/washing_machine_6_seg111.npy
washing_machine,data/split_5s/washing_machine/washing_machine_6_seg112.wav,data/embeddings/washing_machine/washing_machine_6_seg112.npy
washing_machine,data/split_5s/washing_machine/washing_machine_6_seg113.wav,data/embeddings/washing_machine/washing_machine_6_seg113.npy
washing_machine,data/split_5s/washing_machine/washing_machine_6_seg114.wav,data/embeddings/washing_machine/washing_machine_6_seg114.npy
washing_machine,data/split_5s/washing_machine/washing_machine_6_seg115.wav,data/embeddings/washing_machine/washing_machine_6_seg115.npy
washing_machine,data/split_5s/washing_machine/washing_machine_6_seg116.wav,data/embeddings/washing_machine/washing_machine_6_seg116.npy
washing_machine,data/split_5s/washing_machine/washing_machine_6_seg117.wav,data/embeddings/washing_machine/washing_machine_6_seg117.npy
washing_machine,data/split_5s/washing_machine/washing_machine_6_seg118.wav,data/embeddings/washing_machine/washing_machine_6_seg118.npy
washing_machine,data/split_5s/washing_machine/washing_machine_6_seg119.wav,data/embeddings/washing_machine/washing_machine_6_seg119.npy
washing_machine,data/split_5s/washing_machine/washing_machine_6_seg120.wav,data/embeddings/washing_machine/washing_machine_6_seg120.npy
washing_machine,data/split_5s/washing_machine/washing_machine_6_seg121.wav,data/embeddings/washing_machine/washing_machine_6_seg121.npy
washing_machine,data/split_5s/washing_machine/washing_machine_6_seg122.wav,data/embeddings/washing_machine/washing_machine_6_seg122.npy
washing_machine,data/split_5s/washing_machine/washing_machine_6_seg123.wav,data/embeddings/washing_machine/washing_machine_6_seg123.npy
washing_machine,data/split_5s/washing_machine/washing_machine_6_seg124.wav,data/embeddings/washing_machine/washing_machine_6_seg124.npy
washing_machine,data/split_5s/washing_machine/washing_machine_6_seg125.wav,data/embeddings/washing_machine/washing_machine_6_seg125.npy
washing_machine,data/split_5s/washing_machine/washing_machine_6_seg126.wav,data/embeddings/washing_machine/washing_machine_6_seg126.npy
washing_machine,data/split_5s/washing_machine/washing_machine_6_seg127.wav,data/embeddings/washing_machine/washing_machine_6_seg127.npy
washing_machine,data/split_5s/washing_machine/washing_machine_6_seg128.wav,data/embeddings/washing_machine/washing_machine_6_seg128.npy
washing_machine,data/split_5s/washing_machine/washing_machine_6_seg129.wav,data/embeddings/washing_machine/washing_machine_6_seg129.npy
washing_machine,data/split_5s/washing_machine/washing_machine_6_seg130.wav,data/embeddings/washing_machine/washing_machine_6_seg130.npy
washing_machine,data/split_5s/washing_machine/washing_machine_6_seg131.wav,data/embeddings/washing_machine/washing_machine_6_seg131.npy
washing_machine,data/split_5s/washing_machine/washing_machine_6_seg132.wav,data/embeddings/washing_machine/washing_machine_6_seg132.npy
washing_machine,data/split_5s/washing_machine/washing_machine_6_seg133.wav,data/embeddings/washing_machine/washing_machine_6_seg133.npy
washing_machine,data/split_5s/washing_machine/washing_machine_6_seg134.wav,data/embeddings/washing_machine/washing_machine_6_seg134.npy
washing_machine,data/split_5s/washing_machine/washing_machine_6_seg135.wav,data/embeddings/washing_machine/washing_machine_6_seg135.npy
washing_machine,data/split_5s/washing_machine/washing_machine_6_seg136.wav,data/embeddings/washing_machine/washing_machine_6_seg136.npy
washing_machine,data/split_5s/washing_machine/washing_machine_6_seg137.wav,data/embeddings/washing_machine/washing_machine_6_seg137.npy
washing_machine,data/split_5s/washing_machine/washing_machine_6_seg138.wav,data/embeddings/washing_machine/washing_machine_6_seg138.npy
washing_machine,data/split_5s/washing_machine/washing_machine_6_seg139.wav,data/embeddings/washing_machine/washing_machine_6_seg139.npy
washing_machine,data/split_5s/washing_machine/washing_machine_6_seg140.wav,data/embeddings/washing_machine/washing_machine_6_seg140.npy
washing_machine,data/split_5s/washing_machine/washing_machine_6_seg141.wav,data/embeddings/washing_machine/washing_machine_6_seg141.npy
washing_machine,data/split_5s/washing_machine/washing_machine_6_seg142.wav,data/embeddings/washing_machine/washing_machine_6_seg142.npy
washing_machine,data/split_5s/washing_machine/washing_machine_6_seg143.wav,data/embeddings/washing_machine/washing_machine_6_seg143.npy
washing_machine,data/split_5s/washing_machine/washing_machine_6_seg144.wav,data/embeddings/washing_machine/washing_machine_6_seg144.npy
washing_machine,data/split_5s/washing_machine/washing_machine_6_seg145.wav,data/embeddings/washing_machine/washing_machine_6_seg145.npy
washing_machine,data/split_5s/washing_machine/washing_machine_6_seg146.wav,data/embeddings/washing_machine/washing_machine_6_seg146.npy
washing_machine,data/split_5s/washing_machine/washing_machine_6_seg147.wav,data/embeddings/washing_machine/washing_machine_6_seg147.npy
washing_machine,data/split_5s/washing_machine/washing_machine_6_seg148.wav,data/embeddings/washing_machine/washing_machine_6_seg148.npy
washing_machine,data/split_5s/washing_machine/washing_machine_6_seg149.wav,data/embeddings/washing_machine/washing_machine_6_seg149.npy
washing_machine,data/split_5s/washing_machine/washing_machine_6_seg150.wav,data/embeddings/washing_machine/washing_machine_6_seg150.npy
washing_machine,data/split_5s/washing_machine/washing_machine_6_seg151.wav,data/embeddings/washing_machine/washing_machine_6_seg151.npy
washing_machine,data/split_5s/washing_machine/washing_machine_6_seg152.wav,data/embeddings/washing_machine/washing_machine_6_seg152.npy
washing_machine,data/split_5s/washing_machine/washing_machine_6_seg153.wav,data/embeddings/washing_machine/washing_machine_6_seg153.npy
washing_machine,data/split_5s/washing_machine/washing_machine_6_seg154.wav,data/embeddings/washing_machine/washing_machine_6_seg154.npy
washing_machine,data/split_5s/washing_machine/washing_machine_6_seg155.wav,data/embeddings/washing_machine/washing_machine_6_seg155.npy
washing_machine,data/split_5s/washing_machine/washing_machine_6_seg156.wav,data/embeddings/washing_machine/washing_machine_6_seg156.npy
washing_machine,data/split_5s/washing_machine/washing_machine_6_seg157.wav,data/embeddings/washing_machine/washing_machine_6_seg157.npy
washing_machine,data/split_5s/washing_machine/washing_machine_6_seg158.wav,data/embeddings/washing_machine/washing_machine_6_seg158.npy
washing_machine,data/split_5s/washing_machine/washing_machine_6_seg159.wav,data/embeddings/washing_machine/washing_machine_6_seg159.npy
washing_machine,data/split_5s/washing_machine/washing_machine_6_seg160.wav,data/embeddings/washing_machine/washing_machine_6_seg160.npy
washing_machine,data/split_5s/washing_machine/washing_machine_6_seg161.wav,data/embeddings/washing_machine/washing_machine_6_seg161.npy
washing_machine,data/split_5s/washing_machine/washing_machine_6_seg162.wav,data/embeddings/washing_machine/washing_machine_6_seg162.npy
washing_machine,data/split_5s/washing_machine/washing_machine_6_seg163.wav,data/embeddings/washing_machine/washing_machine_6_seg163.npy
washing_machine,data/split_5s/washing_machine/washing_machine_6_seg164.wav,data/embeddings/washing_machine/washing_machine_6_seg164.npy
washing_machine,data/split_5s/washing_machine/washing_machine_6_seg165.wav,data/embeddings/washing_machine/washing_machine_6_seg165.npy
washing_machine,data/split_5s/washing_machine/washing_machine_6_seg166.wav,data/embeddings/washing_machine/washing_machine_6_seg166.npy
washing_machine,data/split_5s/washing_machine/washing_machine_6_seg167.wav,data/embeddings/washing_machine/washing_machine_6_seg167.npy
washing_machine,data/split_5s/washing_machine/washing_machine_6_seg168.wav,data/embeddings/washing_machine/washing_machine_6_seg168.npy
washing_machine,data/split_5s/washing_machine/washing_machine_6_seg169.wav,data/embeddings/washing_machine/washing_machine_6_seg169.npy
washing_machine,data/split_5s/washing_machine/washing_machine_6_seg170.wav,data/embeddings/washing_machine/washing_machine_6_seg170.npy
washing_machine,data/split_5s/washing_machine/washing_machine_6_seg171.wav,data/embeddings/washing_machine/washing_machine_6_seg171.npy
washing_machine,data/split_5s/washing_machine/washing_machine_6_seg172.wav,data/embeddings/washing_machine/washing_machine_6_seg172.npy
washing_machine,data/split_5s/washing_machine/washing_machine_6_seg173.wav,data/embeddings/washing_machine/washing_machine_6_seg173.npy
washing_machine,data/split_5s/washing_machine/washing_machine_6_seg174.wav,data/embeddings/washing_machine/washing_machine_6_seg174.npy
washing_machine,data/split_5s/washing_machine/washing_machine_6_seg175.wav,data/embeddings/washing_machine/washing_machine_6_seg175.npy
washing_machine,data/split_5s/washing_machine/washing_machine_6_seg176.wav,data/embeddings/washing_machine/washing_machine_6_seg176.npy
washing_machine,data/split_5s/washing_machine/washing_machine_6_seg177.wav,data/embeddings/washing_machine/washing_machine_6_seg177.npy
washing_machine,data/split_5s/washing_machine/washing_machine_6_seg178.wav,data/embeddings/washing_machine/washing_machine_6_seg178.npy
washing_machine,data/split_5s/washing_machine/washing_machine_6_seg179.wav,data/embeddings/washing_machine/washing_machine_6_seg179.npy
washing_machine,data/split_5s/washing_machine/washing_machine_6_seg180.wav,data/embeddings/washing_machine/washing_machine_6_seg180.npy
washing_machine,data/split_5s/washing_machine/washing_machine_6_seg181.wav,data/embeddings/washing_machine/washing_machine_6_seg181.npy
washing_machine,data/split_5s/washing_machine/washing_machine_6_seg182.wav,data/embeddings/washing_machine/washing_machine_6_seg182.npy
washing_machine,data/split_5s/washing_machine/washing_machine_6_seg183.wav,data/embeddings/washing_machine/washing_machine_6_seg183.npy
washing_machine,data/split_5s/washing_machine/washing_machine_6_seg184.wav,data/embeddings/washing_machine/washing_machine_6_seg184.npy
washing_machine,data/split_5s/washing_machine/washing_machine_6_seg185.wav,data/embeddings/washing_machine/washing_machine_6_seg185.npy
washing_machine,data/split_5s/washing_machine/washing_machine_6_seg186.wav,data/embeddings/washing_machine/washing_machine_6_seg186.npy
washing_machine,data/split_5s/washing_machine/washing_machine_6_seg187.wav,data/embeddings/washing_machine/washing_machine_6_seg187.npy
washing_machine,data/split_5s/washing_machine/washing_machine_6_seg188.wav,data/embeddings/washing_machine/washing_machine_6_seg188.npy
washing_machine,data/split_5s/washing_machine/washing_machine_6_seg189.wav,data/embeddings/washing_machine/washing_machine_6_seg189.npy
washing_machine,data/split_5s/washing_machine/washing_machine_6_seg190.wav,data/embeddings/washing_machine/washing_machine_6_seg190.npy
washing_machine,data/split_5s/washing_machine/washing_machine_6_seg191.wav,data/embeddings/washing_machine/washing_machine_6_seg191.npy
washing_machine,data/split_5s/washing_machine/washing_machine_6_seg192.wav,data/embeddings/washing_machine/washing_machine_6_seg192.npy
washing_machine,data/split_5s/washing_machine/washing_machine_6_seg193.wav,data/embeddings/washing_machine/washing_machine_6_seg193.npy
washing_machine,data/split_5s/washing_machine/washing_machine_6_seg194.wav,data/embeddings/washing_machine/washing_machine_6_seg194.npy
washing_machine,data/split_5s/washing_machine/washing_machine_6_seg195.wav,data/embeddings/washing_machine/washing_machine_6_seg195.npy
washing_machine,data/split_5s/washing_machine/washing_machine_6_seg196.wav,data/embeddings/washing_machine/washing_machine_6_seg196.npy
washing_machine,data/split_5s/washing_machine/washing_machine_6_seg197.wav,data/embeddings/washing_machine/washing_machine_6_seg197.npy
washing_machine,data/split_5s/washing_machine/washing_machine_6_seg198.wav,data/embeddings/washing_machine/washing_machine_6_seg198.npy
washing_machine,data/split_5s/washing_machine/washing_machine_6_seg199.wav,data/embeddings/washing_machine/washing_machine_6_seg199.npy
washing_machine,data/split_5s/washing_machine/washing_machine_6_seg200.wav,data/embeddings/washing_machine/washing_machine_6_seg200.npy
washing_machine,data/split_5s/washing_machine/washing_machine_6_seg201.wav,data/embeddings/washing_machine/washing_machine_6_seg201.npy
washing_machine,data/split_5s/washing_machine/washing_machine_6_seg202.wav,data/embeddings/washing_machine/washing_machine_6_seg202.npy
washing_machine,data/split_5s/washing_machine/washing_machine_6_seg203.wav,data/embeddings/washing_machine/washing_machine_6_seg203.npy
washing_machine,data/split_5s/washing_machine/washing_machine_6_seg204.wav,data/embeddings/washing_machine/washing_machine_6_seg204.npy
washing_machine,data/split_5s/washing_machine/washing_machine_6_seg205.wav,data/embeddings/washing_machine/washing_machine_6_seg205.npy
washing_machine,data/split_5s/washing_machine/washing_machine_6_seg206.wav,data/embeddings/washing_machine/washing_machine_6_seg206.npy
washing_machine,data/split_5s/washing_machine/washing_machine_6_seg207.wav,data/embeddings/washing_machine/washing_machine_6_seg207.npy
washing_machine,data/split_5s/washing_machine/washing_machine_6_seg208.wav,data/embeddings/washing_machine/washing_machine_6_seg208.npy
washing_machine,data/split_5s/washing_machine/washing_machine_6_seg209.wav,data/embeddings/washing_machine/washing_machine_6_seg209.npy
washing_machine,data/split_5s/washing_machine/washing_machine_6_seg210.wav,data/embeddings/washing_machine/washing_machine_6_seg210.npy
washing_machine,data/split_5s/washing_machine/washing_machine_6_seg211.wav,data/embeddings/washing_machine/washing_machine_6_seg211.npy
washing_machine,data/split_5s/washing_machine/washing_machine_6_seg212.wav,data/embeddings/washing_machine/washing_machine_6_seg212.npy
washing_machine,data/split_5s/washing_machine/washing_machine_6_seg213.wav,data/embeddings/washing_machine/washing_machine_6_seg213.npy
washing_machine,data/split_5s/washing_machine/washing_machine_6_seg214.wav,data/embeddings/washing_machine/washing_machine_6_seg214.npy
washing_machine,data/split_5s/washing_machine/washing_machine_6_seg215.wav,data/embeddings/washing_machine/washing_machine_6_seg215.npy
washing_machine,data/split_5s/washing_machine/washing_machine_6_seg216.wav,data/embeddings/washing_machine/washing_machine_6_seg216.npy
washing_machine,data/split_5s/washing_machine/washing_machine_6_seg217.wav,data/embeddings/washing_machine/washing_machine_6_seg217.npy
washing_machine,data/split_5s/washing_machine/washing_machine_6_seg218.wav,data/embeddings/washing_machine/washing_machine_6_seg218.npy
washing_machine,data/split_5s/washing_machine/washing_machine_6_seg219.wav,data/embeddings/washing_machine/washing_machine_6_seg219.npy
washing_machine,data/split_5s/washing_machine/washing_machine_6_seg220.wav,data/embeddings/washing_machine/washing_machine_6_seg220.npy
washing_machine,data/split_5s/washing_machine/washing_machine_6_seg221.wav,data/embeddings/washing_machine/washing_machine_6_seg221.npy
washing_machine,data/split_5s/washing_machine/washing_machine_6_seg222.wav,data/embeddings/washing_machine/washing_machine_6_seg222.npy
washing_machine,data/split_5s/washing_machine/washing_machine_6_seg223.wav,data/embeddings/washing_machine/washing_machine_6_seg223.npy
washing_machine,data/split_5s/washing_machine/washing_machine_6_seg224.wav,data/embeddings/washing_machine/washing_machine_6_seg224.npy
washing_machine,data/split_5s/washing_machine/washing_machine_6_seg225.wav,data/embeddings/washing_machine/washing_machine_6_seg225.npy
washing_machine,data/split_5s/washing_machine/washing_machine_6_seg226.wav,data/embeddings/washing_machine/washing_machine_6_seg226.npy
washing_machine,data/split_5s/washing_machine/washing_machine_6_seg227.wav,data/embeddings/washing_machine/washing_machine_6_seg227.npy
washing_machine,data/split_5s/washing_machine/washing_machine_6_seg228.wav,data/embeddings/washing_machine/washing_machine_6_seg228.npy
washing_machine,data/split_5s/washing_machine/washing_machine_6_seg229.wav,data/embeddings/washing_machine/washing_machine_6_seg229.npy
washing_machine,data/split_5s/washing_machine/washing_machine_6_seg230.wav,data/embeddings/washing_machine/washing_machine_6_seg230.npy
washing_machine,data/split_5s/washing_machine/washing_machine_6_seg231.wav,data/embeddings/washing_machine/washing_machine_6_seg231.npy
washing_machine,data/split_5s/washing_machine/washing_machine_6_seg232.wav,data/embeddings/washing_machine/washing_machine_6_seg232.npy
washing_machine,data/split_5s/washing_machine/washing_machine_6_seg233.wav,data/embeddings/washing_machine/washing_machine_6_seg233.npy
washing_machine,data/split_5s/washing_machine/washing_machine_6_seg234.wav,data/embeddings/washing_machine/washing_machine_6_seg234.npy
washing_machine,data/split_5s/washing_machine/washing_machine_6_seg235.wav,data/embeddings/washing_machine/washing_machine_6_seg235.npy
washing_machine,data/split_5s/washing_machine/washing_machine_6_seg236.wav,data/embeddings/washing_machine/washing_machine_6_seg236.npy
washing_machine,data/split_5s/washing_machine/washing_machine_6_seg237.wav,data/embeddings/washing_machine/washing_machine_6_seg237.npy
washing_machine,data/split_5s/washing_machine/washing_machine_6_seg238.wav,data/embeddings/washing_machine/washing_machine_6_seg238.npy
washing_machine,data/split_5s/washing_machine/washing_machine_6_seg239.wav,data/embeddings/washing_machine/washing_machine_6_seg239.npy
washing_machine,data/split_5s/washing_machine/washing_machine_6_seg240.wav,data/embeddings/washing_machine/washing_machine_6_seg240.npy
washing_machine,data/split_5s/washing_machine/washing_machine_6_seg241.wav,data/embeddings/washing_machine/washing_machine_6_seg241.npy
washing_machine,data/split_5s/washing_machine/washing_machine_6_seg242.wav,data/embeddings/washing_machine/washing_machine_6_seg242.npy
washing_machine,data/split_5s/washing_machine/washing_machine_6_seg243.wav,data/embeddings/washing_machine/washing_machine_6_seg243.npy
washing_machine,data/split_5s/washing_machine/washing_machine_6_seg244.wav,data/embeddings/washing_machine/washing_machine_6_seg244.npy
washing_machine,data/split_5s/washing_machine/washing_machine_6_seg245.wav,data/embeddings/washing_machine/washing_machine_6_seg245.npy
washing_machine,data/split_5s/washing_machine/washing_machine_6_seg246.wav,data/embeddings/washing_machine/washing_machine_6_seg246.npy
washing_machine,data/split_5s/washing_machine/washing_machine_6_seg247.wav,data/embeddings/washing_machine/washing_machine_6_seg247.npy
washing_machine,data/split_5s/washing_machine/washing_machine_6_seg248.wav,data/embeddings/washing_machine/washing_machine_6_seg248.npy
washing_machine,data/split_5s/washing_machine/washing_machine_6_seg249.wav,data/embeddings/washing_machine/washing_machine_6_seg249.npy
washing_machine,data/split_5s/washing_machine/washing_machine_6_seg250.wav,data/embeddings/washing_machine/washing_machine_6_seg250.npy
washing_machine,data/split_5s/washing_machine/washing_machine_6_seg251.wav,data/embeddings/washing_machine/washing_machine_6_seg251.npy
washing_machine,data/split_5s/washing_machine/washing_machine_6_seg252.wav,data/embeddings/washing_machine/washing_machine_6_seg252.npy
washing_machine,data/split_5s/washing_machine/washing_machine_6_seg253.wav,data/embeddings/washing_machine/washing_machine_6_seg253.npy
washing_machine,data/split_5s/washing_machine/washing_machine_6_seg254.wav,data/embeddings/washing_machine/washing_machine_6_seg254.npy
washing_machine,data/split_5s/washing_machine/washing_machine_6_seg255.wav,data/embeddings/washing_machine/washing_machine_6_seg255.npy
washing_machine,data/split_5s/washing_machine/washing_machine_6_seg256.wav,data/embeddings/washing_machine/washing_machine_6_seg256.npy
washing_machine,data/split_5s/washing_machine/washing_machine_6_seg257.wav,data/embeddings/washing_machine/washing_machine_6_seg257.npy
washing_machine,data/split_5s/washing_machine/washing_machine_6_seg258.wav,data/embeddings/washing_machine/washing_machine_6_seg258.npy
washing_machine,data/split_5s/washing_machine/washing_machine_6_seg259.wav,data/embeddings/washing_machine/washing_machine_6_seg259.npy
washing_machine,data/split_5s/washing_machine/washing_machine_6_seg260.wav,data/embeddings/washing_machine/washing_machine_6_seg260.npy
washing_machine,data/split_5s/washing_machine/washing_machine_6_seg261.wav,data/embeddings/washing_machine/washing_machine_6_seg261.npy
washing_machine,data/split_5s/washing_machine/washing_machine_6_seg262.wav,data/embeddings/washing_machine/washing_machine_6_seg262.npy
washing_machine,data/split_5s/washing_machine/washing_machine_6_seg263.wav,data/embeddings/washing_machine/washing_machine_6_seg263.npy
washing_machine,data/split_5s/washing_machine/washing_machine_6_seg264.wav,data/embeddings/washing_machine/washing_machine_6_seg264.npy
washing_machine,data/split_5s/washing_machine/washing_machine_6_seg265.wav,data/embeddings/washing_machine/washing_machine_6_seg265.npy
washing_machine,data/split_5s/washing_machine/washing_machine_6_seg266.wav,data/embeddings/washing_machine/washing_machine_6_seg266.npy
washing_machine,data/split_5s/washing_machine/washing_machine_6_seg267.wav,data/embeddings/washing_machine/washing_machine_6_seg267.npy
washing_machine,data/split_5s/washing_machine/washing_machine_6_seg268.wav,data/embeddings/washing_machine/washing_machine_6_seg268.npy
washing_machine,data/split_5s/washing_machine/washing_machine_6_seg269.wav,data/embeddings/washing_machine/washing_machine_6_seg269.npy
washing_machine,data/split_5s/washing_machine/washing_machine_6_seg270.wav,data/embeddings/washing_machine/washing_machine_6_seg270.npy
washing_machine,data/split_5s/washing_machine/washing_machine_6_seg271.wav,data/embeddings/washing_machine/washing_machine_6_seg271.npy
washing_machine,data/split_5s/washing_machine/washing_machine_6_seg272.wav,data/embeddings/washing_machine/washing_machine_6_seg272.npy
washing_machine,data/split_5s/washing_machine/washing_machine_6_seg273.wav,data/embeddings/washing_machine/washing_machine_6_seg273.npy
washing_machine,data/split_5s/washing_machine/washing_machine_6_seg274.wav,data/embeddings/washing_machine/washing_machine_6_seg274.npy
washing_machine,data/split_5s/washing_machine/washing_machine_6_seg275.wav,data/embeddings/washing_machine/washing_machine_6_seg275.npy
washing_machine,data/split_5s/washing_machine/washing_machine_6_seg276.wav,data/embeddings/washing_machine/washing_machine_6_seg276.npy
washing_machine,data/split_5s/washing_machine/washing_machine_6_seg277.wav,data/embeddings/washing_machine/washing_machine_6_seg277.npy
washing_machine,data/split_5s/washing_machine/washing_machine_6_seg278.wav,data/embeddings/washing_machine/washing_machine_6_seg278.npy
washing_machine,data/split_5s/washing_machine/washing_machine_6_seg279.wav,data/embeddings/washing_machine/washing_machine_6_seg279.npy
washing_machine,data/split_5s/washing_machine/washing_machine_6_seg280.wav,data/embeddings/washing_machine/washing_machine_6_seg280.npy
washing_machine,data/split_5s/washing_machine/washing_machine_6_seg281.wav,data/embeddings/washing_machine/washing_machine_6_seg281.npy
washing_machine,data/split_5s/washing_machine/washing_machine_6_seg282.wav,data/embeddings/washing_machine/washing_machine_6_seg282.npy
washing_machine,data/split_5s/washing_machine/washing_machine_6_seg283.wav,data/embeddings/washing_machine/washing_machine_6_seg283.npy
washing_machine,data/split_5s/washing_machine/washing_machine_6_seg284.wav,data/embeddings/washing_machine/washing_machine_6_seg284.npy
washing_machine,data/split_5s/washing_machine/washing_machine_6_seg285.wav,data/embeddings/washing_machine/washing_machine_6_seg285.npy
washing_machine,data/split_5s/washing_machine/washing_machine_6_seg286.wav,data/embeddings/washing_machine/washing_machine_6_seg286.npy
washing_machine,data/split_5s/washing_machine/washing_machine_6_seg287.wav,data/embeddings/washing_machine/washing_machine_6_seg287.npy
washing_machine,data/split_5s/washing_machine/washing_machine_6_seg288.wav,data/embeddings/washing_machine/washing_machine_6_seg288.npy
washing_machine,data/split_5s/washing_machine/washing_machine_6_seg289.wav,data/embeddings/washing_machine/washing_machine_6_seg289.npy
washing_machine,data/split_5s/washing_machine/washing_machine_6_seg290.wav,data/embeddings/washing_machine/washing_machine_6_seg290.npy
washing_machine,data/split_5s/washing_machine/washing_machine_6_seg291.wav,data/embeddings/washing_machine/washing_machine_6_seg291.npy
washing_machine,data/split_5s/washing_machine/washing_machine_6_seg292.wav,data/embeddings/washing_machine/washing_machine_6_seg292.npy
washing_machine,data/split_5s/washing_machine/washing_machine_6_seg293.wav,data/embeddings/washing_machine/washing_machine_6_seg293.npy
washing_machine,data/split_5s/washing_machine/washing_machine_6_seg294.wav,data/embeddings/washing_machine/washing_machine_6_seg294.npy
washing_machine,data/split_5s/washing_machine/washing_machine_6_seg295.wav,data/embeddings/washing_machine/washing_machine_6_seg295.npy
washing_machine,data/split_5s/washing_machine/washing_machine_6_seg296.wav,data/embeddings/washing_machine/washing_machine_6_seg296.npy
washing_machine,data/split_5s/washing_machine/washing_machine_6_seg297.wav,data/embeddings/washing_machine/washing_machine_6_seg297.npy
washing_machine,data/split_5s/washing_machine/washing_machine_6_seg298.wav,data/embeddings/washing_machine/washing_machine_6_seg298.npy
washing_machine,data/split_5s/washing_machine/washing_machine_6_seg299.wav,data/embeddings/washing_machine/washing_machine_6_seg299.npy
washing_machine,data/split_5s/washing_machine/washing_machine_6_seg300.wav,data/embeddings/washing_machine/washing_machine_6_seg300.npy
washing_machine,data/split_5s/washing_machine/washing_machine_6_seg301.wav,data/embeddings/washing_machine/washing_machine_6_seg301.npy
washing_machine,data/split_5s/washing_machine/washing_machine_6_seg302.wav,data/embeddings/washing_machine/washing_machine_6_seg302.npy
washing_machine,data/split_5s/washing_machine/washing_machine_6_seg303.wav,data/embeddings/washing_machine/washing_machine_6_seg303.npy
washing_machine,data/split_5s/washing_machine/washing_machine_6_seg304.wav,data/embeddings/washing_machine/washing_machine_6_seg304.npy
washing_machine,data/split_5s/washing_machine/washing_machine_6_seg305.wav,data/embeddings/washing_machine/washing_machine_6_seg305.npy
washing_machine,data/split_5s/washing_machine/washing_machine_6_seg306.wav,data/embeddings/washing_machine/washing_machine_6_seg306.npy
washing_machine,data/split_5s/washing_machine/washing_machine_6_seg307.wav,data/embeddings/washing_machine/washing_machine_6_seg307.npy
washing_machine,data/split_5s/washing_machine/washing_machine_6_seg308.wav,data/embeddings/washing_machine/washing_machine_6_seg308.npy
washing_machine,data/split_5s/washing_machine/washing_machine_6_seg309.wav,data/embeddings/washing_machine/washing_machine_6_seg309.npy
washing_machine,data/split_5s/washing_machine/washing_machine_6_seg310.wav,data/embeddings/washing_machine/washing_machine_6_seg310.npy
washing_machine,data/split_5s/washing_machine/washing_machine_6_seg311.wav,data/embeddings/washing_machine/washing_machine_6_seg311.npy
washing_machine,data/split_5s/washing_machine/washing_machine_6_seg312.wav,data/embeddings/washing_machine/washing_machine_6_seg312.npy
washing_machine,data/split_5s/washing_machine/washing_machine_6_seg313.wav,data/embeddings/washing_machine/washing_machine_6_seg313.npy
washing_machine,data/split_5s/washing_machine/washing_machine_6_seg314.wav,data/embeddings/washing_machine/washing_machine_6_seg314.npy
washing_machine,data/split_5s/washing_machine/washing_machine_6_seg315.wav,data/embeddings/washing_machine/washing_machine_6_seg315.npy
washing_machine,data/split_5s/washing_machine/washing_machine_6_seg316.wav,data/embeddings/washing_machine/washing_machine_6_seg316.npy
washing_machine,data/split_5s/washing_machine/washing_machine_6_seg317.wav,data/embeddings/washing_machine/washing_machine_6_seg317.npy
washing_machine,data/split_5s/washing_machine/washing_machine_6_seg318.wav,data/embeddings/washing_machine/washing_machine_6_seg318.npy
washing_machine,data/split_5s/washing_machine/washing_machine_6_seg319.wav,data/embeddings/washing_machine/washing_machine_6_seg319.npy
washing_machine,data/split_5s/washing_machine/washing_machine_6_seg320.wav,data/embeddings/washing_machine/washing_machine_6_seg320.npy
washing_machine,data/split_5s/washing_machine/washing_machine_6_seg321.wav,data/embeddings/washing_machine/washing_machine_6_seg321.npy
washing_machine,data/split_5s/washing_machine/washing_machine_6_seg322.wav,data/embeddings/washing_machine/washing_machine_6_seg322.npy
washing_machine,data/split_5s/washing_machine/washing_machine_6_seg323.wav,data/embeddings/washing_machine/washing_machine_6_seg323.npy
washing_machine,data/split_5s/washing_machine/washing_machine_6_seg324.wav,data/embeddings/washing_machine/washing_machine_6_seg324.npy
washing_machine,data/split_5s/washing_machine/washing_machine_6_seg325.wav,data/embeddings/washing_machine/washing_machine_6_seg325.npy
washing_machine,data/split_5s/washing_machine/washing_machine_6_seg326.wav,data/embeddings/washing_machine/washing_machine_6_seg326.npy
washing_machine,data/split_5s/washing_machine/washing_machine_6_seg327.wav,data/embeddings/washing_machine/washing_machine_6_seg327.npy
washing_machine,data/split_5s/washing_machine/washing_machine_6_seg328.wav,data/embeddings/washing_machine/washing_machine_6_seg328.npy
washing_machine,data/split_5s/washing_machine/washing_machine_6_seg329.wav,data/embeddings/washing_machine/washing_machine_6_seg329.npy
washing_machine,data/split_5s/washing_machine/washing_machine_6_seg330.wav,data/embeddings/washing_machine/washing_machine_6_seg330.npy
washing_machine,data/split_5s/washing_machine/washing_machine_6_seg331.wav,data/embeddings/washing_machine/washing_machine_6_seg331.npy
washing_machine,data/split_5s/washing_machine/washing_machine_6_seg332.wav,data/embeddings/washing_machine/washing_machine_6_seg332.npy
washing_machine,data/split_5s/washing_machine/washing_machine_6_seg333.wav,data/embeddings/washing_machine/washing_machine_6_seg333.npy
washing_machine,data/split_5s/washing_machine/washing_machine_6_seg334.wav,data/embeddings/washing_machine/washing_machine_6_seg334.npy
washing_machine,data/split_5s/washing_machine/washing_machine_6_seg335.wav,data/embeddings/washing_machine/washing_machine_6_seg335.npy
washing_machine,data/split_5s/washing_machine/washing_machine_6_seg336.wav,data/embeddings/washing_machine/washing_machine_6_seg336.npy
washing_machine,data/split_5s/washing_machine/washing_machine_6_seg337.wav,data/embeddings/washing_machine/washing_machine_6_seg337.npy
washing_machine,data/split_5s/washing_machine/washing_machine_6_seg338.wav,data/embeddings/washing_machine/washing_machine_6_seg338.npy
washing_machine,data/split_5s/washing_machine/washing_machine_6_seg339.wav,data/embeddings/washing_machine/washing_machine_6_seg339.npy
washing_machine,data/split_5s/washing_machine/washing_machine_6_seg340.wav,data/embeddings/washing_machine/washing_machine_6_seg340.npy
washing_machine,data/split_5s/washing_machine/washing_machine_6_seg341.wav,data/embeddings/washing_machine/washing_machine_6_seg341.npy
washing_machine,data/split_5s/washing_machine/washing_machine_6_seg342.wav,data/embeddings/washing_machine/washing_machine_6_seg342.npy
washing_machine,data/split_5s/washing_machine/washing_machine_6_seg343.wav,data/embeddings/washing_machine/washing_machine_6_seg343.npy
washing_machine,data/split_5s/washing_machine/washing_machine_6_seg344.wav,data/embeddings/washing_machine/washing_machine_6_seg344.npy
washing_machine,data/split_5s/washing_machine/washing_machine_6_seg345.wav,data/embeddings/washing_machine/washing_machine_6_seg345.npy
washing_machine,data/split_5s/washing_machine/washing_machine_6_seg346.wav,data/embeddings/washing_machine/washing_machine_6_seg346.npy
washing_machine,data/split_5s/washing_machine/washing_machine_6_seg347.wav,data/embeddings/washing_machine/washing_machine_6_seg347.npy
washing_machine,data/split_5s/washing_machine/washing_machine_6_seg348.wav,data/embeddings/washing_machine/washing_machine_6_seg348.npy
washing_machine,data/split_5s/washing_machine/washing_machine_6_seg349.wav,data/embeddings/washing_machine/washing_machine_6_seg349.npy
washing_machine,data/split_5s/washing_machine/washing_machine_6_seg350.wav,data/embeddings/washing_machine/washing_machine_6_seg350.npy
washing_machine,data/split_5s/washing_machine/washing_machine_6_seg351.wav,data/embeddings/washing_machine/washing_machine_6_seg351.npy
washing_machine,data/split_5s/washing_machine/washing_machine_6_seg352.wav,data/embeddings/washing_machine/washing_machine_6_seg352.npy
washing_machine,data/split_5s/washing_machine/washing_machine_6_seg353.wav,data/embeddings/washing_machine/washing_machine_6_seg353.npy
washing_machine,data/split_5s/washing_machine/washing_machine_6_seg354.wav,data/embeddings/washing_machine/washing_machine_6_seg354.npy
washing_machine,data/split_5s/washing_machine/washing_machine_6_seg355.wav,data/embeddings/washing_machine/washing_machine_6_seg355.npy
washing_machine,data/split_5s/washing_machine/washing_machine_6_seg356.wav,data/embeddings/washing_machine/washing_machine_6_seg356.npy
washing_machine,data/split_5s/washing_machine/washing_machine_6_seg357.wav,data/embeddings/washing_machine/washing_machine_6_seg357.npy
washing_machine,data/split_5s/washing_machine/washing_machine_6_seg358.wav,data/embeddings/washing_machine/washing_machine_6_seg358.npy
washing_machine,data/split_5s/washing_machine/washing_machine_6_seg359.wav,data/embeddings/washing_machine/washing_machine_6_seg359.npy
washing_machine,data/split_5s/washing_machine/washing_machine_6_seg360.wav,data/embeddings/washing_machine/washing_machine_6_seg360.npy
washing_machine,data/split_5s/washing_machine/washing_machine_6_seg361.wav,data/embeddings/washing_machine/washing_machine_6_seg361.npy
washing_machine,data/split_5s/washing_machine/washing_machine_6_seg362.wav,data/embeddings/washing_machine/washing_machine_6_seg362.npy
washing_machine,data/split_5s/washing_machine/washing_machine_6_seg363.wav,data/embeddings/washing_machine/washing_machine_6_seg363.npy
washing_machine,data/split_5s/washing_machine/washing_machine_6_seg364.wav,data/embeddings/washing_machine/washing_machine_6_seg364.npy
washing_machine,data/split_5s/washing_machine/washing_machine_6_seg365.wav,data/embeddings/washing_machine/washing_machine_6_seg365.npy
washing_machine,data/split_5s/washing_machine/washing_machine_6_seg366.wav,data/embeddings/washing_machine/washing_machine_6_seg366.npy
washing_machine,data/split_5s/washing_machine/washing_machine_6_seg367.wav,data/embeddings/washing_machine/washing_machine_6_seg367.npy
washing_machine,data/split_5s/washing_machine/washing_machine_6_seg368.wav,data/embeddings/washing_machine/washing_machine_6_seg368.npy
washing_machine,data/split_5s/washing_machine/washing_machine_6_seg369.wav,data/embeddings/washing_machine/washing_machine_6_seg369.npy
washing_machine,data/split_5s/washing_machine/washing_machine_6_seg370.wav,data/embeddings/washing_machine/washing_machine_6_seg370.npy
washing_machine,data/split_5s/washing_machine/washing_machine_6_seg371.wav,data/embeddings/washing_machine/washing_machine_6_seg371.npy
washing_machine,data/split_5s/washing_machine/washing_machine_6_seg372.wav,data/embeddings/washing_machine/washing_machine_6_seg372.npy
washing_machine,data/split_5s/washing_machine/washing_machine_6_seg373.wav,data/embeddings/washing_machine/washing_machine_6_seg373.npy
washing_machine,data/split_5s/washing_machine/washing_machine_6_seg374.wav,data/embeddings/washing_machine/washing_machine_6_seg374.npy
washing_machine,data/split_5s/washing_machine/washing_machine_6_seg375.wav,data/embeddings/washing_machine/washing_machine_6_seg375.npy
washing_machine,data/split_5s/washing_machine/washing_machine_6_seg376.wav,data/embeddings/washing_machine/washing_machine_6_seg376.npy
washing_machine,data/split_5s/washing_machine/washing_machine_6_seg377.wav,data/embeddings/washing_machine/washing_machine_6_seg377.npy
washing_machine,data/split_5s/washing_machine/washing_machine_6_seg378.wav,data/embeddings/washing_machine/washing_machine_6_seg378.npy
washing_machine,data/split_5s/washing_machine/washing_machine_6_seg379.wav,data/embeddings/washing_machine/washing_machine_6_seg379.npy
washing_machine,data/split_5s/washing_machine/washing_machine_6_seg380.wav,data/embeddings/washing_machine/washing_machine_6_seg380.npy
washing_machine,data/split_5s/washing_machine/washing_machine_6_seg381.wav,data/embeddings/washing_machine/washing_machine_6_seg381.npy
washing_machine,data/split_5s/washing_machine/washing_machine_6_seg382.wav,data/embeddings/washing_machine/washing_machine_6_seg382.npy
washing_machine,data/split_5s/washing_machine/washing_machine_6_seg383.wav,data/embeddings/washing_machine/washing_machine_6_seg383.npy
washing_machine,data/split_5s/washing_machine/washing_machine_6_seg384.wav,data/embeddings/washing_machine/washing_machine_6_seg384.npy
washing_machine,data/split_5s/washing_machine/washing_machine_6_seg385.wav,data/embeddings/washing_machine/washing_machine_6_seg385.npy
washing_machine,data/split_5s/washing_machine/washing_machine_6_seg386.wav,data/embeddings/washing_machine/washing_machine_6_seg386.npy
washing_machine,data/split_5s/washing_machine/washing_machine_6_seg387.wav,data/embeddings/washing_machine/washing_machine_6_seg387.npy
washing_machine,data/split_5s/washing_machine/washing_machine_6_seg388.wav,data/embeddings/washing_machine/washing_machine_6_seg388.npy
washing_machine,data/split_5s/washing_machine/washing_machine_6_seg389.wav,data/embeddings/washing_machine/washing_machine_6_seg389.npy
washing_machine,data/split_5s/washing_machine/washing_machine_6_seg390.wav,data/embeddings/washing_machine/washing_machine_6_seg390.npy
washing_machine,data/split_5s/washing_machine/washing_machine_6_seg391.wav,data/embeddings/washing_machine/washing_machine_6_seg391.npy
washing_machine,data/split_5s/washing_machine/washing_machine_6_seg392.wav,data/embeddings/washing_machine/washing_machine_6_seg392.npy
washing_machine,data/split_5s/washing_machine/washing_machine_6_seg393.wav,data/embeddings/washing_machine/washing_machine_6_seg393.npy
washing_machine,data/split_5s/washing_machine/washing_machine_6_seg394.wav,data/embeddings/washing_machine/washing_machine_6_seg394.npy
washing_machine,data/split_5s/washing_machine/washing_machine_6_seg395.wav,data/embeddings/washing_machine/washing_machine_6_seg395.npy
washing_machine,data/split_5s/washing_machine/washing_machine_6_seg396.wav,data/embeddings/washing_machine/washing_machine_6_seg396.npy
washing_machine,data/split_5s/washing_machine/washing_machine_6_seg397.wav,data/embeddings/washing_machine/washing_machine_6_seg397.npy
washing_machine,data/split_5s/washing_machine/washing_machine_6_seg398.wav,data/embeddings/washing_machine/washing_machine_6_seg398.npy
washing_machine,data/split_5s/washing_machine/washing_machine_6_seg399.wav,data/embeddings/washing_machine/washing_machine_6_seg399.npy
washing_machine,data/split_5s/washing_machine/washing_machine_6_seg400.wav,data/embeddings/washing_machine/washing_machine_6_seg400.npy
washing_machine,data/split_5s/washing_machine/washing_machine_6_seg401.wav,data/embeddings/washing_machine/washing_machine_6_seg401.npy
washing_machine,data/split_5s/washing_machine/washing_machine_6_seg402.wav,data/embeddings/washing_machine/washing_machine_6_seg402.npy
washing_machine,data/split_5s/washing_machine/washing_machine_6_seg403.wav,data/embeddings/washing_machine/washing_machine_6_seg403.npy
washing_machine,data/split_5s/washing_machine/washing_machine_6_seg404.wav,data/embeddings/washing_machine/washing_machine_6_seg404.npy
washing_machine,data/split_5s/washing_machine/washing_machine_6_seg405.wav,data/embeddings/washing_machine/washing_machine_6_seg405.npy
washing_machine,data/split_5s/washing_machine/washing_machine_6_seg406.wav,data/embeddings/washing_machine/washing_machine_6_seg406.npy
washing_machine,data/split_5s/washing_machine/washing_machine_6_seg407.wav,data/embeddings/washing_machine/washing_machine_6_seg407.npy
washing_machine,data/split_5s/washing_machine/washing_machine_6_seg408.wav,data/embeddings/washing_machine/washing_machine_6_seg408.npy
washing_machine,data/split_5s/washing_machine/washing_machine_6_seg409.wav,data/embeddings/washing_machine/washing_machine_6_seg409.npy
washing_machine,data/split_5s/washing_machine/washing_machine_6_seg410.wav,data/embeddings/washing_machine/washing_machine_6_seg410.npy
washing_machine,data/split_5s/washing_machine/washing_machine_6_seg411.wav,data/embeddings/washing_machine/washing_machine_6_seg411.npy
washing_machine,data/split_5s/washing_machine/washing_machine_6_seg412.wav,data/embeddings/washing_machine/washing_machine_6_seg412.npy
washing_machine,data/split_5s/washing_machine/washing_machine_6_seg413.wav,data/embeddings/washing_machine/washing_machine_6_seg413.npy
washing_machine,data/split_5s/washing_machine/washing_machine_6_seg414.wav,data/embeddings/washing_machine/washing_machine_6_seg414.npy
washing_machine,data/split_5s/washing_machine/washing_machine_6_seg415.wav,data/embeddings/washing_machine/washing_machine_6_seg415.npy
washing_machine,data/split_5s/washing_machine/washing_machine_6_seg416.wav,data/embeddings/washing_machine/washing_machine_6_seg416.npy
washing_machine,data/split_5s/washing_machine/washing_machine_6_seg417.wav,data/embeddings/washing_machine/washing_machine_6_seg417.npy
washing_machine,data/split_5s/washing_machine/washing_machine_6_seg418.wav,data/embeddings/washing_machine/washing_machine_6_seg418.npy
washing_machine,data/split_5s/washing_machine/washing_machine_6_seg419.wav,data/embeddings/washing_machine/washing_machine_6_seg419.npy
washing_machine,data/split_5s/washing_machine/washing_machine_6_seg420.wav,data/embeddings/washing_machine/washing_machine_6_seg420.npy
washing_machine,data/split_5s/washing_machine/washing_machine_6_seg421.wav,data/embeddings/washing_machine/washing_machine_6_seg421.npy
washing_machine,data/split_5s/washing_machine/washing_machine_6_seg422.wav,data/embeddings/washing_machine/washing_machine_6_seg422.npy
washing_machine,data/split_5s/washing_machine/washing_machine_6_seg423.wav,data/embeddings/washing_machine/washing_machine_6_seg423.npy
washing_machine,data/split_5s/washing_machine/washing_machine_6_seg424.wav,data/embeddings/washing_machine/washing_machine_6_seg424.npy
washing_machine,data/split_5s/washing_machine/washing_machine_6_seg425.wav,data/embeddings/washing_machine/washing_machine_6_seg425.npy
washing_machine,data/split_5s/washing_machine/washing_machine_6_seg426.wav,data/embeddings/washing_machine/washing_machine_6_seg426.npy
washing_machine,data/split_5s/washing_machine/washing_machine_6_seg427.wav,data/embeddings/washing_machine/washing_machine_6_seg427.npy
washing_machine,data/split_5s/washing_machine/washing_machine_6_seg428.wav,data/embeddings/washing_machine/washing_machine_6_seg428.npy
washing_machine,data/split_5s/washing_machine/washing_machine_6_seg429.wav,data/embeddings/washing_machine/washing_machine_6_seg429.npy
washing_machine,data/split_5s/washing_machine/washing_machine_6_seg430.wav,data/embeddings/washing_machine/washing_machine_6_seg430.npy
washing_machine,data/split_5s/washing_machine/washing_machine_6_seg431.wav,data/embeddings/washing_machine/washing_machine_6_seg431.npy
washing_machine,data/split_5s/washing_machine/washing_machine_6_seg432.wav,data/embeddings/washing_machine/washing_machine_6_seg432.npy
washing_machine,data/split_5s/washing_machine/washing_machine_6_seg433.wav,data/embeddings/washing_machine/washing_machine_6_seg433.npy
washing_machine,data/split_5s/washing_machine/washing_machine_6_seg434.wav,data/embeddings/washing_machine/washing_machine_6_seg434.npy
washing_machine,data/split_5s/washing_machine/washing_machine_6_seg435.wav,data/embeddings/washing_machine/washing_machine_6_seg435.npy
washing_machine,data/split_5s/washing_machine/washing_machine_6_seg436.wav,data/embeddings/washing_machine/washing_machine_6_seg436.npy
washing_machine,data/split_5s/washing_machine/washing_machine_6_seg437.wav,data/embeddings/washing_machine/washing_machine_6_seg437.npy
washing_machine,data/split_5s/washing_machine/washing_machine_6_seg438.wav,data/embeddings/washing_machine/washing_machine_6_seg438.npy
washing_machine,data/split_5s/washing_machine/washing_machine_6_seg439.wav,data/embeddings/washing_machine/washing_machine_6_seg439.npy
washing_machine,data/split_5s/washing_machine/washing_machine_6_seg440.wav,data/embeddings/washing_machine/washing_machine_6_seg440.npy
washing_machine,data/split_5s/washing_machine/washing_machine_6_seg441.wav,data/embeddings/washing_machine/washing_machine_6_seg441.npy
washing_machine,data/split_5s/washing_machine/washing_machine_6_seg442.wav,data/embeddings/washing_machine/washing_machine_6_seg442.npy
washing_machine,data/split_5s/washing_machine/washing_machine_6_seg443.wav,data/embeddings/washing_machine/washing_machine_6_seg443.npy
washing_machine,data/split_5s/washing_machine/washing_machine_6_seg444.wav,data/embeddings/washing_machine/washing_machine_6_seg444.npy
washing_machine,data/split_5s/washing_machine/washing_machine_6_seg445.wav,data/embeddings/washing_machine/washing_machine_6_seg445.npy
washing_machine,data/split_5s/washing_machine/washing_machine_6_seg446.wav,data/embeddings/washing_machine/washing_machine_6_seg446.npy
washing_machine,data/split_5s/washing_machine/washing_machine_6_seg447.wav,data/embeddings/washing_machine/washing_machine_6_seg447.npy
washing_machine,data/split_5s/washing_machine/washing_machine_6_seg448.wav,data/embeddings/washing_machine/washing_machine_6_seg448.npy
washing_machine,data/split_5s/washing_machine/washing_machine_6_seg449.wav,data/embeddings/washing_machine/washing_machine_6_seg449.npy
washing_machine,data/split_5s/washing_machine/washing_machine_6_seg450.wav,data/embeddings/washing_machine/washing_machine_6_seg450.npy
washing_machine,data/split_5s/washing_machine/washing_machine_6_seg451.wav,data/embeddings/washing_machine/washing_machine_6_seg451.npy
washing_machine,data/split_5s/washing_machine/washing_machine_6_seg452.wav,data/embeddings/washing_machine/washing_machine_6_seg452.npy
washing_machine,data/split_5s/washing_machine/washing_machine_6_seg453.wav,data/embeddings/washing_machine/washing_machine_6_seg453.npy
washing_machine,data/split_5s/washing_machine/washing_machine_6_seg454.wav,data/embeddings/washing_machine/washing_machine_6_seg454.npy
washing_machine,data/split_5s/washing_machine/washing_machine_6_seg455.wav,data/embeddings/washing_machine/washing_machine_6_seg455.npy
washing_machine,data/split_5s/washing_machine/washing_machine_6_seg456.wav,data/embeddings/washing_machine/washing_machine_6_seg456.npy
washing_machine,data/split_5s/washing_machine/washing_machine_6_seg457.wav,data/embeddings/washing_machine/washing_machine_6_seg457.npy
washing_machine,data/split_5s/washing_machine/washing_machine_6_seg458.wav,data/embeddings/washing_machine/washing_machine_6_seg458.npy
washing_machine,data/split_5s/washing_machine/washing_machine_6_seg459.wav,data/embeddings/washing_machine/washing_machine_6_seg459.npy
washing_machine,data/split_5s/washing_machine/washing_machine_6_seg460.wav,data/embeddings/washing_machine/washing_machine_6_seg460.npy
washing_machine,data/split_5s/washing_machine/washing_machine_6_seg461.wav,data/embeddings/washing_machine/washing_machine_6_seg461.npy
washing_machine,data/split_5s/washing_machine/washing_machine_6_seg462.wav,data/embeddings/washing_machine/washing_machine_6_seg462.npy
washing_machine,data/split_5s/washing_machine/washing_machine_6_seg463.wav,data/embeddings/washing_machine/washing_machine_6_seg463.npy
washing_machine,data/split_5s/washing_machine/washing_machine_6_seg464.wav,data/embeddings/washing_machine/washing_machine_6_seg464.npy
washing_machine,data/split_5s/washing_machine/washing_machine_6_seg465.wav,data/embeddings/washing_machine/washing_machine_6_seg465.npy
washing_machine,data/split_5s/washing_machine/washing_machine_6_seg466.wav,data/embeddings/washing_machine/washing_machine_6_seg466.npy
washing_machine,data/split_5s/washing_machine/washing_machine_6_seg467.wav,data/embeddings/washing_machine/washing_machine_6_seg467.npy
washing_machine,data/split_5s/washing_machine/washing_machine_6_seg468.wav,data/embeddings/washing_machine/washing_machine_6_seg468.npy
washing_machine,data/split_5s/washing_machine/washing_machine_6_seg469.wav,data/embeddings/washing_machine/washing_machine_6_seg469.npy
washing_machine,data/split_5s/washing_machine/washing_machine_6_seg470.wav,data/embeddings/washing_machine/washing_machine_6_seg470.npy
washing_machine,data/split_5s/washing_machine/washing_machine_6_seg471.wav,data/embeddings/washing_machine/washing_machine_6_seg471.npy
washing_machine,data/split_5s/washing_machine/washing_machine_6_seg472.wav,data/embeddings/washing_machine/washing_machine_6_seg472.npy
washing_machine,data/split_5s/washing_machine/washing_machine_6_seg473.wav,data/embeddings/washing_machine/washing_machine_6_seg473.npy
washing_machine,data/split_5s/washing_machine/washing_machine_6_seg474.wav,data/embeddings/washing_machine/washing_machine_6_seg474.npy
washing_machine,data/split_5s/washing_machine/washing_machine_6_seg475.wav,data/embeddings/washing_machine/washing_machine_6_seg475.npy
washing_machine,data/split_5s/washing_machine/washing_machine_6_seg476.wav,data/embeddings/washing_machine/washing_machine_6_seg476.npy
washing_machine,data/split_5s/washing_machine/washing_machine_6_seg477.wav,data/embeddings/washing_machine/washing_machine_6_seg477.npy
washing_machine,data/split_5s/washing_machine/washing_machine_6_seg478.wav,data/embeddings/washing_machine/washing_machine_6_seg478.npy
washing_machine,data/split_5s/washing_machine/washing_machine_6_seg479.wav,data/embeddings/washing_machine/washing_machine_6_seg479.npy
washing_machine,data/split_5s/washing_machine/washing_machine_6_seg480.wav,data/embeddings/washing_machine/washing_machine_6_seg480.npy
washing_machine,data/split_5s/washing_machine/washing_machine_6_seg481.wav,data/embeddings/washing_machine/washing_machine_6_seg481.npy
washing_machine,data/split_5s/washing_machine/washing_machine_6_seg482.wav,data/embeddings/washing_machine/washing_machine_6_seg482.npy
washing_machine,data/split_5s/washing_machine/washing_machine_6_seg483.wav,data/embeddings/washing_machine/washing_machine_6_seg483.npy
washing_machine,data/split_5s/washing_machine/washing_machine_6_seg484.wav,data/embeddings/washing_machine/washing_machine_6_seg484.npy
washing_machine,data/split_5s/washing_machine/washing_machine_6_seg485.wav,data/embeddings/washing_machine/washing_machine_6_seg485.npy
washing_machine,data/split_5s/washing_machine/washing_machine_6_seg486.wav,data/embeddings/washing_machine/washing_machine_6_seg486.npy
washing_machine,data/split_5s/washing_machine/washing_machine_6_seg487.wav,data/embeddings/washing_machine/washing_machine_6_seg487.npy
washing_machine,data/split_5s/washing_machine/washing_machine_6_seg488.wav,data/embeddings/washing_machine/washing_machine_6_seg488.npy
washing_machine,data/split_5s/washing_machine/washing_machine_6_seg489.wav,data/embeddings/washing_machine/washing_machine_6_seg489.npy
washing_machine,data/split_5s/washing_machine/washing_machine_6_seg490.wav,data/embeddings/washing_machine/washing_machine_6_seg490.npy
washing_machine,data/split_5s/washing_machine/washing_machine_6_seg491.wav,data/embeddings/washing_machine/washing_machine_6_seg491.npy
washing_machine,data/split_5s/washing_machine/washing_machine_6_seg492.wav,data/embeddings/washing_machine/washing_machine_6_seg492.npy
washing_machine,data/split_5s/washing_machine/washing_machine_6_seg493.wav,data/embeddings/washing_machine/washing_machine_6_seg493.npy
washing_machine,data/split_5s/washing_machine/washing_machine_6_seg494.wav,data/embeddings/washing_machine/washing_machine_6_seg494.npy
washing_machine,data/split_5s/washing_machine/washing_machine_6_seg495.wav,data/embeddings/washing_machine/washing_machine_6_seg495.npy
washing_machine,data/split_5s/washing_machine/washing_machine_6_seg496.wav,data/embeddings/washing_machine/washing_machine_6_seg496.npy
washing_machine,data/split_5s/washing_machine/washing_machine_6_seg497.wav,data/embeddings/washing_machine/washing_machine_6_seg497.npy
washing_machine,data/split_5s/washing_machine/washing_machine_6_seg498.wav,data/embeddings/washing_machine/washing_machine_6_seg498.npy
washing_machine,data/split_5s/washing_machine/washing_machine_6_seg499.wav,data/embeddings/washing_machine/washing_machine_6_seg499.npy
washing_machine,data/split_5s/washing_machine/washing_machine_6_seg500.wav,data/embeddings/washing_machine/washing_machine_6_seg500.npy
washing_machine,data/split_5s/washing_machine/washing_machine_6_seg501.wav,data/embeddings/washing_machine/washing_machine_6_seg501.npy
washing_machine,data/split_5s/washing_machine/washing_machine_6_seg502.wav,data/embeddings/washing_machine/washing_machine_6_seg502.npy
washing_machine,data/split_5s/washing_machine/washing_machine_6_seg503.wav,data/embeddings/washing_machine/washing_machine_6_seg503.npy
washing_machine,data/split_5s/washing_machine/washing_machine_6_seg504.wav,data/embeddings/washing_machine/washing_machine_6_seg504.npy
washing_machine,data/split_5s/washing_machine/washing_machine_6_seg505.wav,data/embeddings/washing_machine/washing_machine_6_seg505.npy
washing_machine,data/split_5s/washing_machine/washing_machine_6_seg506.wav,data/embeddings/washing_machine/washing_machine_6_seg506.npy
washing_machine,data/split_5s/washing_machine/washing_machine_6_seg507.wav,data/embeddings/washing_machine/washing_machine_6_seg507.npy
washing_machine,data/split_5s/washing_machine/washing_machine_6_seg508.wav,data/embeddings/washing_machine/washing_machine_6_seg508.npy
washing_machine,data/split_5s/washing_machine/washing_machine_6_seg509.wav,data/embeddings/washing_machine/washing_machine_6_seg509.npy
washing_machine,data/split_5s/washing_machine/washing_machine_6_seg510.wav,data/embeddings/washing_machine/washing_machine_6_seg510.npy
washing_machine,data/split_5s/washing_machine/washing_machine_6_seg511.wav,data/embeddings/washing_machine/washing_machine_6_seg511.npy
washing_machine,data/split_5s/washing_machine/washing_machine_6_seg512.wav,data/embeddings/washing_machine/washing_machine_6_seg512.npy
washing_machine,data/split_5s/washing_machine/washing_machine_6_seg513.wav,data/embeddings/washing_machine/washing_machine_6_seg513.npy
washing_machine,data/split_5s/washing_machine/washing_machine_6_seg514.wav,data/embeddings/washing_machine/washing_machine_6_seg514.npy
washing_machine,data/split_5s/washing_machine/washing_machine_6_seg515.wav,data/embeddings/washing_machine/washing_machine_6_seg515.npy
washing_machine,data/split_5s/washing_machine/washing_machine_6_seg516.wav,data/embeddings/washing_machine/washing_machine_6_seg516.npy
washing_machine,data/split_5s/washing_machine/washing_machine_6_seg517.wav,data/embeddings/washing_machine/washing_machine_6_seg517.npy
washing_machine,data/split_5s/washing_machine/washing_machine_6_seg518.wav,data/embeddings/washing_machine/washing_machine_6_seg518.npy
washing_machine,data/split_5s/washing_machine/washing_machine_6_seg519.wav,data/embeddings/washing_machine/washing_machine_6_seg519.npy
washing_machine,data/split_5s/washing_machine/washing_machine_6_seg520.wav,data/embeddings/washing_machine/washing_machine_6_seg520.npy
washing_machine,data/split_5s/washing_machine/washing_machine_6_seg521.wav,data/embeddings/washing_machine/washing_machine_6_seg521.npy
washing_machine,data/split_5s/washing_machine/washing_machine_6_seg522.wav,data/embeddings/washing_machine/washing_machine_6_seg522.npy
washing_machine,data/split_5s/washing_machine/washing_machine_6_seg523.wav,data/embeddings/washing_machine/washing_machine_6_seg523.npy
washing_machine,data/split_5s/washing_machine/washing_machine_6_seg524.wav,data/embeddings/washing_machine/washing_machine_6_seg524.npy
washing_machine,data/split_5s/washing_machine/washing_machine_6_seg525.wav,data/embeddings/washing_machine/washing_machine_6_seg525.npy
washing_machine,data/split_5s/washing_machine/washing_machine_6_seg526.wav,data/embeddings/washing_machine/washing_machine_6_seg526.npy
washing_machine,data/split_5s/washing_machine/washing_machine_6_seg527.wav,data/embeddings/washing_machine/washing_machine_6_seg527.npy
washing_machine,data/split_5s/washing_machine/washing_machine_6_seg528.wav,data/embeddings/washing_machine/washing_machine_6_seg528.npy
washing_machine,data/split_5s/washing_machine/washing_machine_6_seg529.wav,data/embeddings/washing_machine/washing_machine_6_seg529.npy
washing_machine,data/split_5s/washing_machine/washing_machine_6_seg530.wav,data/embeddings/washing_machine/washing_machine_6_seg530.npy
washing_machine,data/split_5s/washing_machine/washing_machine_6_seg531.wav,data/embeddings/washing_machine/washing_machine_6_seg531.npy
washing_machine,data/split_5s/washing_machine/washing_machine_6_seg532.wav,data/embeddings/washing_machine/washing_machine_6_seg532.npy
washing_machine,data/split_5s/washing_machine/washing_machine_6_seg533.wav,data/embeddings/washing_machine/washing_machine_6_seg533.npy
washing_machine,data/split_5s/washing_machine/washing_machine_6_seg534.wav,data/embeddings/washing_machine/washing_machine_6_seg534.npy
washing_machine,data/split_5s/washing_machine/washing_machine_6_seg535.wav,data/embeddings/washing_machine/washing_machine_6_seg535.npy
washing_machine,data/split_5s/washing_machine/washing_machine_6_seg536.wav,data/embeddings/washing_machine/washing_machine_6_seg536.npy
washing_machine,data/split_5s/washing_machine/washing_machine_6_seg537.wav,data/embeddings/washing_machine/washing_machine_6_seg537.npy
washing_machine,data/split_5s/washing_machine/washing_machine_6_seg538.wav,data/embeddings/washing_machine/washing_machine_6_seg538.npy
washing_machine,data/split_5s/washing_machine/washing_machine_6_seg539.wav,data/embeddings/washing_machine/washing_machine_6_seg539.npy
washing_machine,data/split_5s/washing_machine/washing_machine_6_seg540.wav,data/embeddings/washing_machine/washing_machine_6_seg540.npy
washing_machine,data/split_5s/washing_machine/washing_machine_6_seg541.wav,data/embeddings/washing_machine/washing_machine_6_seg541.npy
washing_machine,data/split_5s/washing_machine/washing_machine_6_seg542.wav,data/embeddings/washing_machine/washing_machine_6_seg542.npy
washing_machine,data/split_5s/washing_machine/washing_machine_6_seg543.wav,data/embeddings/washing_machine/washing_machine_6_seg543.npy
washing_machine,data/split_5s/washing_machine/washing_machine_6_seg544.wav,data/embeddings/washing_machine/washing_machine_6_seg544.npy
washing_machine,data/split_5s/washing_machine/washing_machine_6_seg545.wav,data/embeddings/washing_machine/washing_machine_6_seg545.npy
washing_machine,data/split_5s/washing_machine/washing_machine_6_seg546.wav,data/embeddings/washing_machine/washing_machine_6_seg546.npy
washing_machine,data/split_5s/washing_machine/washing_machine_6_seg547.wav,data/embeddings/washing_machine/washing_machine_6_seg547.npy
washing_machine,data/split_5s/washing_machine/washing_machine_6_seg548.wav,data/embeddings/washing_machine/washing_machine_6_seg548.npy
washing_machine,data/split_5s/washing_machine/washing_machine_6_seg549.wav,data/embeddings/washing_machine/washing_machine_6_seg549.npy
washing_machine,data/split_5s/washing_machine/washing_machine_6_seg550.wav,data/embeddings/washing_machine/washing_machine_6_seg550.npy
washing_machine,data/split_5s/washing_machine/washing_machine_6_seg551.wav,data/embeddings/washing_machine/washing_machine_6_seg551.npy
washing_machine,data/split_5s/washing_machine/washing_machine_6_seg552.wav,data/embeddings/washing_machine/washing_machine_6_seg552.npy
washing_machine,data/split_5s/washing_machine/washing_machine_6_seg553.wav,data/embeddings/washing_machine/washing_machine_6_seg553.npy
washing_machine,data/split_5s/washing_machine/washing_machine_6_seg554.wav,data/embeddings/washing_machine/washing_machine_6_seg554.npy
washing_machine,data/split_5s/washing_machine/washing_machine_6_seg555.wav,data/embeddings/washing_machine/washing_machine_6_seg555.npy
washing_machine,data/split_5s/washing_machine/washing_machine_6_seg556.wav,data/embeddings/washing_machine/washing_machine_6_seg556.npy
washing_machine,data/split_5s/washing_machine/washing_machine_6_seg557.wav,data/embeddings/washing_machine/washing_machine_6_seg557.npy
washing_machine,data/split_5s/washing_machine/washing_machine_6_seg558.wav,data/embeddings/washing_machine/washing_machine_6_seg558.npy
washing_machine,data/split_5s/washing_machine/washing_machine_6_seg559.wav,data/embeddings/washing_machine/washing_machine_6_seg559.npy
washing_machine,data/split_5s/washing_machine/washing_machine_6_seg560.wav,data/embeddings/washing_machine/washing_machine_6_seg560.npy
washing_machine,data/split_5s/washing_machine/washing_machine_6_seg561.wav,data/embeddings/washing_machine/washing_machine_6_seg561.npy
washing_machine,data/split_5s/washing_machine/washing_machine_6_seg562.wav,data/embeddings/washing_machine/washing_machine_6_seg562.npy
washing_machine,data/split_5s/washing_machine/washing_machine_6_seg563.wav,data/embeddings/washing_machine/washing_machine_6_seg563.npy
washing_machine,data/split_5s/washing_machine/washing_machine_6_seg564.wav,data/embeddings/washing_machine/washing_machine_6_seg564.npy
washing_machine,data/split_5s/washing_machine/washing_machine_6_seg565.wav,data/embeddings/washing_machine/washing_machine_6_seg565.npy
washing_machine,data/split_5s/washing_machine/washing_machine_6_seg566.wav,data/embeddings/washing_machine/washing_machine_6_seg566.npy
washing_machine,data/split_5s/washing_machine/washing_machine_6_seg567.wav,data/embeddings/washing_machine/washing_machine_6_seg567.npy
washing_machine,data/split_5s/washing_machine/washing_machine_6_seg568.wav,data/embeddings/washing_machine/washing_machine_6_seg568.npy
washing_machine,data/split_5s/washing_machine/washing_machine_6_seg569.wav,data/embeddings/washing_machine/washing_machine_6_seg569.npy
washing_machine,data/split_5s/washing_machine/washing_machine_6_seg570.wav,data/embeddings/washing_machine/washing_machine_6_seg570.npy
washing_machine,data/split_5s/washing_machine/washing_machine_6_seg571.wav,data/embeddings/washing_machine/washing_machine_6_seg571.npy
washing_machine,data/split_5s/washing_machine/washing_machine_6_seg572.wav,data/embeddings/washing_machine/washing_machine_6_seg572.npy
washing_machine,data/split_5s/washing_machine/washing_machine_6_seg573.wav,data/embeddings/washing_machine/washing_machine_6_seg573.npy
washing_machine,data/split_5s/washing_machine/washing_machine_6_seg574.wav,data/embeddings/washing_machine/washing_machine_6_seg574.npy
washing_machine,data/split_5s/washing_machine/washing_machine_6_seg575.wav,data/embeddings/washing_machine/washing_machine_6_seg575.npy
washing_machine,data/split_5s/washing_machine/washing_machine_6_seg576.wav,data/embeddings/washing_machine/washing_machine_6_seg576.npy
washing_machine,data/split_5s/washing_machine/washing_machine_6_seg577.wav,data/embeddings/washing_machine/washing_machine_6_seg577.npy
washing_machine,data/split_5s/washing_machine/washing_machine_6_seg578.wav,data/embeddings/washing_machine/washing_machine_6_seg578.npy
washing_machine,data/split_5s/washing_machine/washing_machine_6_seg579.wav,data/embeddings/washing_machine/washing_machine_6_seg579.npy
washing_machine,data/split_5s/washing_machine/washing_machine_6_seg580.wav,data/embeddings/washing_machine/washing_machine_6_seg580.npy
washing_machine,data/split_5s/washing_machine/washing_machine_6_seg581.wav,data/embeddings/washing_machine/washing_machine_6_seg581.npy
washing_machine,data/split_5s/washing_machine/washing_machine_6_seg582.wav,data/embeddings/washing_machine/washing_machine_6_seg582.npy
washing_machine,data/split_5s/washing_machine/washing_machine_6_seg583.wav,data/embeddings/washing_machine/washing_machine_6_seg583.npy
washing_machine,data/split_5s/washing_machine/washing_machine_6_seg584.wav,data/embeddings/washing_machine/washing_machine_6_seg584.npy
washing_machine,data/split_5s/washing_machine/washing_machine_6_seg585.wav,data/embeddings/washing_machine/washing_machine_6_seg585.npy
washing_machine,data/split_5s/washing_machine/washing_machine_6_seg586.wav,data/embeddings/washing_machine/washing_machine_6_seg586.npy
washing_machine,data/split_5s/washing_machine/washing_machine_6_seg587.wav,data/embeddings/washing_machine/washing_machine_6_seg587.npy
washing_machine,data/split_5s/washing_machine/washing_machine_6_seg588.wav,data/embeddings/washing_machine/washing_machine_6_seg588.npy
washing_machine,data/split_5s/washing_machine/washing_machine_6_seg589.wav,data/embeddings/washing_machine/washing_machine_6_seg589.npy
washing_machine,data/split_5s/washing_machine/washing_machine_6_seg590.wav,data/embeddings/washing_machine/washing_machine_6_seg590.npy
washing_machine,data/split_5s/washing_machine/washing_machine_6_seg591.wav,data/embeddings/washing_machine/washing_machine_6_seg591.npy
washing_machine,data/split_5s/washing_machine/washing_machine_6_seg592.wav,data/embeddings/washing_machine/washing_machine_6_seg592.npy
washing_machine,data/split_5s/washing_machine/washing_machine_6_seg593.wav,data/embeddings/washing_machine/washing_machine_6_seg593.npy
washing_machine,data/split_5s/washing_machine/washing_machine_6_seg594.wav,data/embeddings/washing_machine/washing_machine_6_seg594.npy
washing_machine,data/split_5s/washing_machine/washing_machine_6_seg595.wav,data/embeddings/washing_machine/washing_machine_6_seg595.npy
washing_machine,data/split_5s/washing_machine/washing_machine_6_seg596.wav,data/embeddings/washing_machine/washing_machine_6_seg596.npy
washing_machine,data/split_5s/washing_machine/washing_machine_6_seg597.wav,data/embeddings/washing_machine/washing_machine_6_seg597.npy
washing_machine,data/split_5s/washing_machine/washing_machine_6_seg598.wav,data/embeddings/washing_machine/washing_machine_6_seg598.npy
washing_machine,data/split_5s/washing_machine/washing_machine_6_seg599.wav,data/embeddings/washing_machine/washing_machine_6_seg599.npy
washing_machine,data/split_5s/washing_machine/washing_machine_6_seg600.wav,data/embeddings/washing_machine/washing_machine_6_seg600.npy
washing_machine,data/split_5s/washing_machine/washing_machine_6_seg601.wav,data/embeddings/washing_machine/washing_machine_6_seg601.npy
washing_machine,data/split_5s/washing_machine/washing_machine_6_seg602.wav,data/embeddings/washing_machine/washing_machine_6_seg602.npy
washing_machine,data/split_5s/washing_machine/washing_machine_6_seg603.wav,data/embeddings/washing_machine/washing_machine_6_seg603.npy
washing_machine,data/split_5s/washing_machine/washing_machine_6_seg604.wav,data/embeddings/washing_machine/washing_machine_6_seg604.npy
washing_machine,data/split_5s/washing_machine/washing_machine_6_seg605.wav,data/embeddings/washing_machine/washing_machine_6_seg605.npy
washing_machine,data/split_5s/washing_machine/washing_machine_6_seg606.wav,data/embeddings/washing_machine/washing_machine_6_seg606.npy
washing_machine,data/split_5s/washing_machine/washing_machine_6_seg607.wav,data/embeddings/washing_machine/washing_machine_6_seg607.npy
washing_machine,data/split_5s/washing_machine/washing_machine_6_seg608.wav,data/embeddings/washing_machine/washing_machine_6_seg608.npy
washing_machine,data/split_5s/washing_machine/washing_machine_6_seg609.wav,data/embeddings/washing_machine/washing_machine_6_seg609.npy
washing_machine,data/split_5s/washing_machine/washing_machine_6_seg610.wav,data/embeddings/washing_machine/washing_machine_6_seg610.npy
washing_machine,data/split_5s/washing_machine/washing_machine_6_seg611.wav,data/embeddings/washing_machine/washing_machine_6_seg611.npy
washing_machine,data/split_5s/washing_machine/washing_machine_6_seg612.wav,data/embeddings/washing_machine/washing_machine_6_seg612.npy
washing_machine,data/split_5s/washing_machine/washing_machine_6_seg613.wav,data/embeddings/washing_machine/washing_machine_6_seg613.npy
washing_machine,data/split_5s/washing_machine/washing_machine_6_seg614.wav,data/embeddings/washing_machine/washing_machine_6_seg614.npy
washing_machine,data/split_5s/washing_machine/washing_machine_6_seg615.wav,data/embeddings/washing_machine/washing_machine_6_seg615.npy
washing_machine,data/split_5s/washing_machine/washing_machine_6_seg616.wav,data/embeddings/washing_machine/washing_machine_6_seg616.npy
washing_machine,data/split_5s/washing_machine/washing_machine_6_seg617.wav,data/embeddings/washing_machine/washing_machine_6_seg617.npy
washing_machine,data/split_5s/washing_machine/washing_machine_6_seg618.wav,data/embeddings/washing_machine/washing_machine_6_seg618.npy
washing_machine,data/split_5s/washing_machine/washing_machine_6_seg619.wav,data/embeddings/washing_machine/washing_machine_6_seg619.npy
washing_machine,data/split_5s/washing_machine/washing_machine_6_seg620.wav,data/embeddings/washing_machine/washing_machine_6_seg620.npy
washing_machine,data/split_5s/washing_machine/washing_machine_6_seg621.wav,data/embeddings/washing_machine/washing_machine_6_seg621.npy
washing_machine,data/split_5s/washing_machine/washing_machine_6_seg622.wav,data/embeddings/washing_machine/washing_machine_6_seg622.npy
washing_machine,data/split_5s/washing_machine/washing_machine_6_seg623.wav,data/embeddings/washing_machine/washing_machine_6_seg623.npy
washing_machine,data/split_5s/washing_machine/washing_machine_6_seg624.wav,data/embeddings/washing_machine/washing_machine_6_seg624.npy
washing_machine,data/split_5s/washing_machine/washing_machine_6_seg625.wav,data/embeddings/washing_machine/washing_machine_6_seg625.npy
washing_machine,data/split_5s/washing_machine/washing_machine_6_seg626.wav,data/embeddings/washing_machine/washing_machine_6_seg626.npy
washing_machine,data/split_5s/washing_machine/washing_machine_6_seg627.wav,data/embeddings/washing_machine/washing_machine_6_seg627.npy
washing_machine,data/split_5s/washing_machine/washing_machine_6_seg628.wav,data/embeddings/washing_machine/washing_machine_6_seg628.npy
washing_machine,data/split_5s/washing_machine/washing_machine_6_seg629.wav,data/embeddings/washing_machine/washing_machine_6_seg629.npy
washing_machine,data/split_5s/washing_machine/washing_machine_6_seg630.wav,data/embeddings/washing_machine/washing_machine_6_seg630.npy
washing_machine,data/split_5s/washing_machine/washing_machine_6_seg631.wav,data/embeddings/washing_machine/washing_machine_6_seg631.npy
washing_machine,data/split_5s/washing_machine/washing_machine_6_seg632.wav,data/embeddings/washing_machine/washing_machine_6_seg632.npy
washing_machine,data/split_5s/washing_machine/washing_machine_6_seg633.wav,data/embeddings/washing_machine/washing_machine_6_seg633.npy
washing_machine,data/split_5s/washing_machine/washing_machine_6_seg634.wav,data/embeddings/washing_machine/washing_machine_6_seg634.npy
washing_machine,data/split_5s/washing_machine/washing_machine_6_seg635.wav,data/embeddings/washing_machine/washing_machine_6_seg635.npy
washing_machine,data/split_5s/washing_machine/washing_machine_6_seg636.wav,data/embeddings/washing_machine/washing_machine_6_seg636.npy
washing_machine,data/split_5s/washing_machine/washing_machine_6_seg637.wav,data/embeddings/washing_machine/washing_machine_6_seg637.npy
washing_machine,data/split_5s/washing_machine/washing_machine_6_seg638.wav,data/embeddings/washing_machine/washing_machine_6_seg638.npy
washing_machine,data/split_5s/washing_machine/washing_machine_6_seg639.wav,data/embeddings/washing_machine/washing_machine_6_seg639.npy
washing_machine,data/split_5s/washing_machine/washing_machine_6_seg640.wav,data/embeddings/washing_machine/washing_machine_6_seg640.npy
washing_machine,data/split_5s/washing_machine/washing_machine_6_seg641.wav,data/embeddings/washing_machine/washing_machine_6_seg641.npy
washing_machine,data/split_5s/washing_machine/washing_machine_6_seg642.wav,data/embeddings/washing_machine/washing_machine_6_seg642.npy
washing_machine,data/split_5s/washing_machine/washing_machine_6_seg643.wav,data/embeddings/washing_machine/washing_machine_6_seg643.npy
washing_machine,data/split_5s/washing_machine/washing_machine_6_seg644.wav,data/embeddings/washing_machine/washing_machine_6_seg644.npy
washing_machine,data/split_5s/washing_machine/washing_machine_6_seg645.wav,data/embeddings/washing_machine/washing_machine_6_seg645.npy
washing_machine,data/split_5s/washing_machine/washing_machine_6_seg646.wav,data/embeddings/washing_machine/washing_machine_6_seg646.npy
washing_machine,data/split_5s/washing_machine/washing_machine_6_seg647.wav,data/embeddings/washing_machine/washing_machine_6_seg647.npy
washing_machine,data/split_5s/washing_machine/washing_machine_6_seg648.wav,data/embeddings/washing_machine/washing_machine_6_seg648.npy
washing_machine,data/split_5s/washing_machine/washing_machine_6_seg649.wav,data/embeddings/washing_machine/washing_machine_6_seg649.npy
washing_machine,data/split_5s/washing_machine/washing_machine_6_seg650.wav,data/embeddings/washing_machine/washing_machine_6_seg650.npy
washing_machine,data/split_5s/washing_machine/washing_machine_6_seg651.wav,data/embeddings/washing_machine/washing_machine_6_seg651.npy
washing_machine,data/split_5s/washing_machine/washing_machine_6_seg652.wav,data/embeddings/washing_machine/washing_machine_6_seg652.npy
washing_machine,data/split_5s/washing_machine/washing_machine_6_seg653.wav,data/embeddings/washing_machine/washing_machine_6_seg653.npy
washing_machine,data/split_5s/washing_machine/washing_machine_6_seg654.wav,data/embeddings/washing_machine/washing_machine_6_seg654.npy
washing_machine,data/split_5s/washing_machine/washing_machine_6_seg655.wav,data/embeddings/washing_machine/washing_machine_6_seg655.npy
washing_machine,data/split_5s/washing_machine/washing_machine_6_seg656.wav,data/embeddings/washing_machine/washing_machine_6_seg656.npy
washing_machine,data/split_5s/washing_machine/washing_machine_6_seg657.wav,data/embeddings/washing_machine/washing_machine_6_seg657.npy
washing_machine,data/split_5s/washing_machine/washing_machine_6_seg658.wav,data/embeddings/washing_machine/washing_machine_6_seg658.npy
washing_machine,data/split_5s/washing_machine/washing_machine_6_seg659.wav,data/embeddings/washing_machine/washing_machine_6_seg659.npy
washing_machine,data/split_5s/washing_machine/washing_machine_6_seg660.wav,data/embeddings/washing_machine/washing_machine_6_seg660.npy
washing_machine,data/split_5s/washing_machine/washing_machine_6_seg661.wav,data/embeddings/washing_machine/washing_machine_6_seg661.npy
washing_machine,data/split_5s/washing_machine/washing_machine_6_seg662.wav,data/embeddings/washing_machine/washing_machine_6_seg662.npy
washing_machine,data/split_5s/washing_machine/washing_machine_6_seg663.wav,data/embeddings/washing_machine/washing_machine_6_seg663.npy
washing_machine,data/split_5s/washing_machine/washing_machine_6_seg664.wav,data/embeddings/washing_machine/washing_machine_6_seg664.npy
washing_machine,data/split_5s/washing_machine/washing_machine_6_seg665.wav,data/embeddings/washing_machine/washing_machine_6_seg665.npy
washing_machine,data/split_5s/washing_machine/washing_machine_6_seg666.wav,data/embeddings/washing_machine/washing_machine_6_seg666.npy
washing_machine,data/split_5s/washing_machine/washing_machine_6_seg667.wav,data/embeddings/washing_machine/washing_machine_6_seg667.npy
washing_machine,data/split_5s/washing_machine/washing_machine_6_seg668.wav,data/embeddings/washing_machine/washing_machine_6_seg668.npy
washing_machine,data/split_5s/washing_machine/washing_machine_6_seg669.wav,data/embeddings/washing_machine/washing_machine_6_seg669.npy
washing_machine,data/split_5s/washing_machine/washing_machine_6_seg670.wav,data/embeddings/washing_machine/washing_machine_6_seg670.npy
washing_machine,data/split_5s/washing_machine/washing_machine_6_seg671.wav,data/embeddings/washing_machine/washing_machine_6_seg671.npy
washing_machine,data/split_5s/washing_machine/washing_machine_6_seg672.wav,data/embeddings/washing_machine/washing_machine_6_seg672.npy
washing_machine,data/split_5s/washing_machine/washing_machine_6_seg673.wav,data/embeddings/washing_machine/washing_machine_6_seg673.npy
washing_machine,data/split_5s/washing_machine/washing_machine_6_seg674.wav,data/embeddings/washing_machine/washing_machine_6_seg674.npy
washing_machine,data/split_5s/washing_machine/washing_machine_6_seg675.wav,data/embeddings/washing_machine/washing_machine_6_seg675.npy
washing_machine,data/split_5s/washing_machine/washing_machine_6_seg676.wav,data/embeddings/washing_machine/washing_machine_6_seg676.npy
washing_machine,data/split_5s/washing_machine/washing_machine_6_seg677.wav,data/embeddings/washing_machine/washing_machine_6_seg677.npy
washing_machine,data/split_5s/washing_machine/washing_machine_6_seg678.wav,data/embeddings/washing_machine/washing_machine_6_seg678.npy
washing_machine,data/split_5s/washing_machine/washing_machine_6_seg679.wav,data/embeddings/washing_machine/washing_machine_6_seg679.npy
washing_machine,data/split_5s/washing_machine/washing_machine_6_seg680.wav,data/embeddings/washing_machine/washing_machine_6_seg680.npy
washing_machine,data/split_5s/washing_machine/washing_machine_6_seg681.wav,data/embeddings/washing_machine/washing_machine_6_seg681.npy
washing_machine,data/split_5s/washing_machine/washing_machine_6_seg682.wav,data/embeddings/washing_machine/washing_machine_6_seg682.npy
washing_machine,data/split_5s/washing_machine/washing_machine_6_seg683.wav,data/embeddings/washing_machine/washing_machine_6_seg683.npy
washing_machine,data/split_5s/washing_machine/washing_machine_6_seg684.wav,data/embeddings/washing_machine/washing_machine_6_seg684.npy
washing_machine,data/split_5s/washing_machine/washing_machine_6_seg685.wav,data/embeddings/washing_machine/washing_machine_6_seg685.npy
washing_machine,data/split_5s/washing_machine/washing_machine_6_seg686.wav,data/embeddings/washing_machine/washing_machine_6_seg686.npy
washing_machine,data/split_5s/washing_machine/washing_machine_6_seg687.wav,data/embeddings/washing_machine/washing_machine_6_seg687.npy
washing_machine,data/split_5s/washing_machine/washing_machine_6_seg688.wav,data/embeddings/washing_machine/washing_machine_6_seg688.npy
washing_machine,data/split_5s/washing_machine/washing_machine_6_seg689.wav,data/embeddings/washing_machine/washing_machine_6_seg689.npy
washing_machine,data/split_5s/washing_machine/washing_machine_6_seg690.wav,data/embeddings/washing_machine/washing_machine_6_seg690.npy
washing_machine,data/split_5s/washing_machine/washing_machine_6_seg691.wav,data/embeddings/washing_machine/washing_machine_6_seg691.npy
washing_machine,data/split_5s/washing_machine/washing_machine_6_seg692.wav,data/embeddings/washing_machine/washing_machine_6_seg692.npy
washing_machine,data/split_5s/washing_machine/washing_machine_6_seg693.wav,data/embeddings/washing_machine/washing_machine_6_seg693.npy
washing_machine,data/split_5s/washing_machine/washing_machine_6_seg694.wav,data/embeddings/washing_machine/washing_machine_6_seg694.npy
washing_machine,data/split_5s/washing_machine/washing_machine_6_seg695.wav,data/embeddings/washing_machine/washing_machine_6_seg695.npy
washing_machine,data/split_5s/washing_machine/washing_machine_6_seg696.wav,data/embeddings/washing_machine/washing_machine_6_seg696.npy
washing_machine,data/split_5s/washing_machine/washing_machine_6_seg697.wav,data/embeddings/washing_machine/washing_machine_6_seg697.npy
washing_machine,data/split_5s/washing_machine/washing_machine_6_seg698.wav,data/embeddings/washing_machine/washing_machine_6_seg698.npy
washing_machine,data/split_5s/washing_machine/washing_machine_6_seg699.wav,data/embeddings/washing_machine/washing_machine_6_seg699.npy
washing_machine,data/split_5s/washing_machine/washing_machine_6_seg700.wav,data/embeddings/washing_machine/washing_machine_6_seg700.npy
washing_machine,data/split_5s/washing_machine/washing_machine_6_seg701.wav,data/embeddings/washing_machine/washing_machine_6_seg701.npy
washing_machine,data/split_5s/washing_machine/washing_machine_6_seg702.wav,data/embeddings/washing_machine/washing_machine_6_seg702.npy
washing_machine,data/split_5s/washing_machine/washing_machine_6_seg703.wav,data/embeddings/washing_machine/washing_machine_6_seg703.npy
washing_machine,data/split_5s/washing_machine/washing_machine_6_seg704.wav,data/embeddings/washing_machine/washing_machine_6_seg704.npy
washing_machine,data/split_5s/washing_machine/washing_machine_6_seg705.wav,data/embeddings/washing_machine/washing_machine_6_seg705.npy
washing_machine,data/split_5s/washing_machine/washing_machine_6_seg706.wav,data/embeddings/washing_machine/washing_machine_6_seg706.npy
washing_machine,data/split_5s/washing_machine/washing_machine_6_seg707.wav,data/embeddings/washing_machine/washing_machine_6_seg707.npy
washing_machine,data/split_5s/washing_machine/washing_machine_6_seg708.wav,data/embeddings/washing_machine/washing_machine_6_seg708.npy
washing_machine,data/split_5s/washing_machine/washing_machine_6_seg709.wav,data/embeddings/washing_machine/washing_machine_6_seg709.npy
washing_machine,data/split_5s/washing_machine/washing_machine_6_seg710.wav,data/embeddings/washing_machine/washing_machine_6_seg710.npy
washing_machine,data/split_5s/washing_machine/washing_machine_6_seg711.wav,data/embeddings/washing_machine/washing_machine_6_seg711.npy
washing_machine,data/split_5s/washing_machine/washing_machine_6_seg712.wav,data/embeddings/washing_machine/washing_machine_6_seg712.npy
washing_machine,data/split_5s/washing_machine/washing_machine_6_seg713.wav,data/embeddings/washing_machine/washing_machine_6_seg713.npy
washing_machine,data/split_5s/washing_machine/washing_machine_6_seg714.wav,data/embeddings/washing_machine/washing_machine_6_seg714.npy
washing_machine,data/split_5s/washing_machine/washing_machine_6_seg715.wav,data/embeddings/washing_machine/washing_machine_6_seg715.npy
washing_machine,data/split_5s/washing_machine/washing_machine_6_seg716.wav,data/embeddings/washing_machine/washing_machine_6_seg716.npy
washing_machine,data/split_5s/washing_machine/washing_machine_6_seg717.wav,data/embeddings/washing_machine/washing_machine_6_seg717.npy
washing_machine,data/split_5s/washing_machine/washing_machine_6_seg718.wav,data/embeddings/washing_machine/washing_machine_6_seg718.npy
washing_machine,data/split_5s/washing_machine/washing_machine_6_seg719.wav,data/embeddings/washing_machine/washing_machine_6_seg719.npy
washing_machine,data/split_5s/washing_machine/washing_machine_6_seg720.wav,data/embeddings/washing_machine/washing_machine_6_seg720.npy
washing_machine,data/split_5s/washing_machine/washing_machine_6_seg721.wav,data/embeddings/washing_machine/washing_machine_6_seg721.npy
washing_machine,data/split_5s/washing_machine/washing_machine_6_seg722.wav,data/embeddings/washing_machine/washing_machine_6_seg722.npy
washing_machine,data/split_5s/washing_machine/washing_machine_6_seg723.wav,data/embeddings/washing_machine/washing_machine_6_seg723.npy
washing_machine,data/split_5s/washing_machine/washing_machine_7_seg000.wav,data/embeddings/washing_machine/washing_machine_7_seg000.npy
washing_machine,data/split_5s/washing_machine/washing_machine_7_seg001.wav,data/embeddings/washing_machine/washing_machine_7_seg001.npy
washing_machine,data/split_5s/washing_machine/washing_machine_7_seg002.wav,data/embeddings/washing_machine/washing_machine_7_seg002.npy
washing_machine,data/split_5s/washing_machine/washing_machine_7_seg003.wav,data/embeddings/washing_machine/washing_machine_7_seg003.npy
washing_machine,data/split_5s/washing_machine/washing_machine_7_seg004.wav,data/embeddings/washing_machine/washing_machine_7_seg004.npy
washing_machine,data/split_5s/washing_machine/washing_machine_7_seg005.wav,data/embeddings/washing_machine/washing_machine_7_seg005.npy
washing_machine,data/split_5s/washing_machine/washing_machine_8_seg000.wav,data/embeddings/washing_machine/washing_machine_8_seg000.npy
washing_machine,data/split_5s/washing_machine/washing_machine_8_seg001.wav,data/embeddings/washing_machine/washing_machine_8_seg001.npy
washing_machine,data/split_5s/washing_machine/washing_machine_9_seg000.wav,data/embeddings/washing_machine/washing_machine_9_seg000.npy
washing_machine,data/split_5s/washing_machine/washing_machine_9_seg001.wav,data/embeddings/washing_machine/washing_machine_9_seg001.npy
washing_machine,data/split_5s/washing_machine/washing_machine_9_seg002.wav,data/embeddings/washing_machine/washing_machine_9_seg002.npy
dishes,data/split_5s/dishes/dishes_10_seg000.wav,data/embeddings/dishes/dishes_10_seg000.npy
dishes,data/split_5s/dishes/dishes_10_seg001.wav,data/embeddings/dishes/dishes_10_seg001.npy
dishes,data/split_5s/dishes/dishes_11_seg000.wav,data/embeddings/dishes/dishes_11_seg000.npy
dishes,data/split_5s/dishes/dishes_11_seg001.wav,data/embeddings/dishes/dishes_11_seg001.npy
dishes,data/split_5s/dishes/dishes_11_seg002.wav,data/embeddings/dishes/dishes_11_seg002.npy
dishes,data/split_5s/dishes/dishes_12_seg000.wav,data/embeddings/dishes/dishes_12_seg000.npy
dishes,data/split_5s/dishes/dishes_12_seg001.wav,data/embeddings/dishes/dishes_12_seg001.npy
dishes,data/split_5s/dishes/dishes_12_seg002.wav,data/embeddings/dishes/dishes_12_seg002.npy
dishes,data/split_5s/dishes/dishes_12_seg003.wav,data/embeddings/dishes/dishes_12_seg003.npy
dishes,data/split_5s/dishes/dishes_1_seg000.wav,data/embeddings/dishes/dishes_1_seg000.npy
dishes,data/split_5s/dishes/dishes_1_seg001.wav,data/embeddings/dishes/dishes_1_seg001.npy
dishes,data/split_5s/dishes/dishes_2_seg000.wav,data/embeddings/dishes/dishes_2_seg000.npy
dishes,data/split_5s/dishes/dishes_2_seg001.wav,data/embeddings/dishes/dishes_2_seg001.npy
dishes,data/split_5s/dishes/dishes_3_seg000.wav,data/embeddings/dishes/dishes_3_seg000.npy
dishes,data/split_5s/dishes/dishes_3_seg001.wav,data/embeddings/dishes/dishes_3_seg001.npy
dishes,data/split_5s/dishes/dishes_3_seg002.wav,data/embeddings/dishes/dishes_3_seg002.npy
dishes,data/split_5s/dishes/dishes_4_seg000.wav,data/embeddings/dishes/dishes_4_seg000.npy
dishes,data/split_5s/dishes/dishes_5_seg000.wav,data/embeddings/dishes/dishes_5_seg000.npy
dishes,data/split_5s/dishes/dishes_5_seg001.wav,data/embeddings/dishes/dishes_5_seg001.npy
dishes,data/split_5s/dishes/dishes_6_seg000.wav,data/embeddings/dishes/dishes_6_seg000.npy
dishes,data/split_5s/dishes/dishes_6_seg001.wav,data/embeddings/dishes/dishes_6_seg001.npy
dishes,data/split_5s/dishes/dishes_7_seg000.wav,data/embeddings/dishes/dishes_7_seg000.npy
dishes,data/split_5s/dishes/dishes_7_seg001.wav,data/embeddings/dishes/dishes_7_seg001.npy
dishes,data/split_5s/dishes/dishes_8_seg000.wav,data/embeddings/dishes/dishes_8_seg000.npy
dishes,data/split_5s/dishes/dishes_9_seg000.wav,data/embeddings/dishes/dishes_9_seg000.npy
traffic ,data/split_5s/traffic /traffic_10_seg000.wav,data/embeddings/traffic /traffic_10_seg000.npy
traffic ,data/split_5s/traffic /traffic_10_seg001.wav,data/embeddings/traffic /traffic_10_seg001.npy
traffic ,data/split_5s/traffic /traffic_10_seg002.wav,data/embeddings/traffic /traffic_10_seg002.npy
traffic ,data/split_5s/traffic /traffic_10_seg003.wav,data/embeddings/traffic /traffic_10_seg003.npy
traffic ,data/split_5s/traffic /traffic_10_seg004.wav,data/embeddings/traffic /traffic_10_seg004.npy
traffic ,data/split_5s/traffic /traffic_11_seg000.wav,data/embeddings/traffic /traffic_11_seg000.npy
traffic ,data/split_5s/traffic /traffic_11_seg001.wav,data/embeddings/traffic /traffic_11_seg001.npy
traffic ,data/split_5s/traffic /traffic_11_seg002.wav,data/embeddings/traffic /traffic_11_seg002.npy
traffic ,data/split_5s/traffic /traffic_11_seg003.wav,data/embeddings/traffic /traffic_11_seg003.npy
traffic ,data/split_5s/traffic /traffic_11_seg004.wav,data/embeddings/traffic /traffic_11_seg004.npy
traffic ,data/split_5s/traffic /traffic_11_seg005.wav,data/embeddings/traffic /traffic_11_seg005.npy
traffic ,data/split_5s/traffic /traffic_11_seg006.wav,data/embeddings/traffic /traffic_11_seg006.npy
traffic ,data/split_5s/traffic /traffic_11_seg007.wav,data/embeddings/traffic /traffic_11_seg007.npy
traffic ,data/split_5s/traffic /traffic_11_seg008.wav,data/embeddings/traffic /traffic_11_seg008.npy
traffic ,data/split_5s/traffic /traffic_11_seg009.wav,data/embeddings/traffic /traffic_11_seg009.npy
traffic ,data/split_5s/traffic /traffic_11_seg010.wav,data/embeddings/traffic /traffic_11_seg010.npy
traffic ,data/split_5s/traffic /traffic_11_seg011.wav,data/embeddings/traffic /traffic_11_seg011.npy
traffic ,data/split_5s/traffic /traffic_11_seg012.wav,data/embeddings/traffic /traffic_11_seg012.npy
traffic ,data/split_5s/traffic /traffic_11_seg013.wav,data/embeddings/traffic /traffic_11_seg013.npy
traffic ,data/split_5s/traffic /traffic_11_seg014.wav,data/embeddings/traffic /traffic_11_seg014.npy
traffic ,data/split_5s/traffic /traffic_11_seg015.wav,data/embeddings/traffic /traffic_11_seg015.npy
traffic ,data/split_5s/traffic /traffic_11_seg016.wav,data/embeddings/traffic /traffic_11_seg016.npy
traffic ,data/split_5s/traffic /traffic_11_seg017.wav,data/embeddings/traffic /traffic_11_seg017.npy
traffic ,data/split_5s/traffic /traffic_11_seg018.wav,data/embeddings/traffic /traffic_11_seg018.npy
traffic ,data/split_5s/traffic /traffic_11_seg019.wav,data/embeddings/traffic /traffic_11_seg019.npy
traffic ,data/split_5s/traffic /traffic_11_seg020.wav,data/embeddings/traffic /traffic_11_seg020.npy
traffic ,data/split_5s/traffic /traffic_11_seg021.wav,data/embeddings/traffic /traffic_11_seg021.npy
traffic ,data/split_5s/traffic /traffic_11_seg022.wav,data/embeddings/traffic /traffic_11_seg022.npy
traffic ,data/split_5s/traffic /traffic_11_seg023.wav,data/embeddings/traffic /traffic_11_seg023.npy
traffic ,data/split_5s/traffic /traffic_11_seg024.wav,data/embeddings/traffic /traffic_11_seg024.npy
traffic ,data/split_5s/traffic /traffic_11_seg025.wav,data/embeddings/traffic /traffic_11_seg025.npy
traffic ,data/split_5s/traffic /traffic_11_seg026.wav,data/embeddings/traffic /traffic_11_seg026.npy
traffic ,data/split_5s/traffic /traffic_11_seg027.wav,data/embeddings/traffic /traffic_11_seg027.npy
traffic ,data/split_5s/traffic /traffic_11_seg028.wav,data/embeddings/traffic /traffic_11_seg028.npy
traffic ,data/split_5s/traffic /traffic_11_seg029.wav,data/embeddings/traffic /traffic_11_seg029.npy
traffic ,data/split_5s/traffic /traffic_11_seg030.wav,data/embeddings/traffic /traffic_11_seg030.npy
traffic ,data/split_5s/traffic /traffic_11_seg031.wav,data/embeddings/traffic /traffic_11_seg031.npy
traffic ,data/split_5s/traffic /traffic_11_seg032.wav,data/embeddings/traffic /traffic_11_seg032.npy
traffic ,data/split_5s/traffic /traffic_11_seg033.wav,data/embeddings/traffic /traffic_11_seg033.npy
traffic ,data/split_5s/traffic /traffic_11_seg034.wav,data/embeddings/traffic /traffic_11_seg034.npy
traffic ,data/split_5s/traffic /traffic_11_seg035.wav,data/embeddings/traffic /traffic_11_seg035.npy
traffic ,data/split_5s/traffic /traffic_11_seg036.wav,data/embeddings/traffic /traffic_11_seg036.npy
traffic ,data/split_5s/traffic /traffic_11_seg037.wav,data/embeddings/traffic /traffic_11_seg037.npy
traffic ,data/split_5s/traffic /traffic_11_seg038.wav,data/embeddings/traffic /traffic_11_seg038.npy
traffic ,data/split_5s/traffic /traffic_11_seg039.wav,data/embeddings/traffic /traffic_11_seg039.npy
traffic ,data/split_5s/traffic /traffic_11_seg040.wav,data/embeddings/traffic /traffic_11_seg040.npy
traffic ,data/split_5s/traffic /traffic_11_seg041.wav,data/embeddings/traffic /traffic_11_seg041.npy
traffic ,data/split_5s/traffic /traffic_11_seg042.wav,data/embeddings/traffic /traffic_11_seg042.npy
traffic ,data/split_5s/traffic /traffic_11_seg043.wav,data/embeddings/traffic /traffic_11_seg043.npy
traffic ,data/split_5s/traffic /traffic_11_seg044.wav,data/embeddings/traffic /traffic_11_seg044.npy
traffic ,data/split_5s/traffic /traffic_11_seg045.wav,data/embeddings/traffic /traffic_11_seg045.npy
traffic ,data/split_5s/traffic /traffic_12_seg000.wav,data/embeddings/traffic /traffic_12_seg000.npy
traffic ,data/split_5s/traffic /traffic_12_seg001.wav,data/embeddings/traffic /traffic_12_seg001.npy
traffic ,data/split_5s/traffic /traffic_12_seg002.wav,data/embeddings/traffic /traffic_12_seg002.npy
traffic ,data/split_5s/traffic /traffic_12_seg003.wav,data/embeddings/traffic /traffic_12_seg003.npy
traffic ,data/split_5s/traffic /traffic_12_seg004.wav,data/embeddings/traffic /traffic_12_seg004.npy
traffic ,data/split_5s/traffic /traffic_12_seg005.wav,data/embeddings/traffic /traffic_12_seg005.npy
traffic ,data/split_5s/traffic /traffic_12_seg006.wav,data/embeddings/traffic /traffic_12_seg006.npy
traffic ,data/split_5s/traffic /traffic_12_seg007.wav,data/embeddings/traffic /traffic_12_seg007.npy
traffic ,data/split_5s/traffic /traffic_12_seg008.wav,data/embeddings/traffic /traffic_12_seg008.npy
traffic ,data/split_5s/traffic /traffic_12_seg009.wav,data/embeddings/traffic /traffic_12_seg009.npy
traffic ,data/split_5s/traffic /traffic_12_seg010.wav,data/embeddings/traffic /traffic_12_seg010.npy
traffic ,data/split_5s/traffic /traffic_12_seg011.wav,data/embeddings/traffic /traffic_12_seg011.npy
traffic ,data/split_5s/traffic /traffic_12_seg012.wav,data/embeddings/traffic /traffic_12_seg012.npy
traffic ,data/split_5s/traffic /traffic_13_seg000.wav,data/embeddings/traffic /traffic_13_seg000.npy
traffic ,data/split_5s/traffic /traffic_13_seg001.wav,data/embeddings/traffic /traffic_13_seg001.npy
traffic ,data/split_5s/traffic /traffic_13_seg002.wav,data/embeddings/traffic /traffic_13_seg002.npy
traffic ,data/split_5s/traffic /traffic_13_seg003.wav,data/embeddings/traffic /traffic_13_seg003.npy
traffic ,data/split_5s/traffic /traffic_13_seg004.wav,data/embeddings/traffic /traffic_13_seg004.npy
traffic ,data/split_5s/traffic /traffic_13_seg005.wav,data/embeddings/traffic /traffic_13_seg005.npy
traffic ,data/split_5s/traffic /traffic_13_seg006.wav,data/embeddings/traffic /traffic_13_seg006.npy
traffic ,data/split_5s/traffic /traffic_13_seg007.wav,data/embeddings/traffic /traffic_13_seg007.npy
traffic ,data/split_5s/traffic /traffic_13_seg008.wav,data/embeddings/traffic /traffic_13_seg008.npy
traffic ,data/split_5s/traffic /traffic_13_seg009.wav,data/embeddings/traffic /traffic_13_seg009.npy
traffic ,data/split_5s/traffic /traffic_13_seg010.wav,data/embeddings/traffic /traffic_13_seg010.npy
traffic ,data/split_5s/traffic /traffic_13_seg011.wav,data/embeddings/traffic /traffic_13_seg011.npy
traffic ,data/split_5s/traffic /traffic_13_seg012.wav,data/embeddings/traffic /traffic_13_seg012.npy
traffic ,data/split_5s/traffic /traffic_13_seg013.wav,data/embeddings/traffic /traffic_13_seg013.npy
traffic ,data/split_5s/traffic /traffic_13_seg014.wav,data/embeddings/traffic /traffic_13_seg014.npy
traffic ,data/split_5s/traffic /traffic_13_seg015.wav,data/embeddings/traffic /traffic_13_seg015.npy
traffic ,data/split_5s/traffic /traffic_13_seg016.wav,data/embeddings/traffic /traffic_13_seg016.npy
traffic ,data/split_5s/traffic /traffic_13_seg017.wav,data/embeddings/traffic /traffic_13_seg017.npy
traffic ,data/split_5s/traffic /traffic_13_seg018.wav,data/embeddings/traffic /traffic_13_seg018.npy
traffic ,data/split_5s/traffic /traffic_13_seg019.wav,data/embeddings/traffic /traffic_13_seg019.npy
traffic ,data/split_5s/traffic /traffic_13_seg020.wav,data/embeddings/traffic /traffic_13_seg020.npy
traffic ,data/split_5s/traffic /traffic_13_seg021.wav,data/embeddings/traffic /traffic_13_seg021.npy
traffic ,data/split_5s/traffic /traffic_13_seg022.wav,data/embeddings/traffic /traffic_13_seg022.npy
traffic ,data/split_5s/traffic /traffic_13_seg023.wav,data/embeddings/traffic /traffic_13_seg023.npy
traffic ,data/split_5s/traffic /traffic_14_seg000.wav,data/embeddings/traffic /traffic_14_seg000.npy
traffic ,data/split_5s/traffic /traffic_14_seg001.wav,data/embeddings/traffic /traffic_14_seg001.npy
traffic ,data/split_5s/traffic /traffic_14_seg002.wav,data/embeddings/traffic /traffic_14_seg002.npy
traffic ,data/split_5s/traffic /traffic_14_seg003.wav,data/embeddings/traffic /traffic_14_seg003.npy
traffic ,data/split_5s/traffic /traffic_14_seg004.wav,data/embeddings/traffic /traffic_14_seg004.npy
traffic ,data/split_5s/traffic /traffic_14_seg005.wav,data/embeddings/traffic /traffic_14_seg005.npy
traffic ,data/split_5s/traffic /traffic_14_seg006.wav,data/embeddings/traffic /traffic_14_seg006.npy
traffic ,data/split_5s/traffic /traffic_14_seg007.wav,data/embeddings/traffic /traffic_14_seg007.npy
traffic ,data/split_5s/traffic /traffic_14_seg008.wav,data/embeddings/traffic /traffic_14_seg008.npy
traffic ,data/split_5s/traffic /traffic_14_seg009.wav,data/embeddings/traffic /traffic_14_seg009.npy
traffic ,data/split_5s/traffic /traffic_14_seg010.wav,data/embeddings/traffic /traffic_14_seg010.npy
traffic ,data/split_5s/traffic /traffic_14_seg011.wav,data/embeddings/traffic /traffic_14_seg011.npy
traffic ,data/split_5s/traffic /traffic_14_seg012.wav,data/embeddings/traffic /traffic_14_seg012.npy
traffic ,data/split_5s/traffic /traffic_14_seg013.wav,data/embeddings/traffic /traffic_14_seg013.npy
traffic ,data/split_5s/traffic /traffic_14_seg014.wav,data/embeddings/traffic /traffic_14_seg014.npy
traffic ,data/split_5s/traffic /traffic_14_seg015.wav,data/embeddings/traffic /traffic_14_seg015.npy
traffic ,data/split_5s/traffic /traffic_14_seg016.wav,data/embeddings/traffic /traffic_14_seg016.npy
traffic ,data/split_5s/traffic /traffic_14_seg017.wav,data/embeddings/traffic /traffic_14_seg017.npy
traffic ,data/split_5s/traffic /traffic_14_seg018.wav,data/embeddings/traffic /traffic_14_seg018.npy
traffic ,data/split_5s/traffic /traffic_14_seg019.wav,data/embeddings/traffic /traffic_14_seg019.npy
traffic ,data/split_5s/traffic /traffic_14_seg020.wav,data/embeddings/traffic /traffic_14_seg020.npy
traffic ,data/split_5s/traffic /traffic_14_seg021.wav,data/embeddings/traffic /traffic_14_seg021.npy
traffic ,data/split_5s/traffic /traffic_14_seg022.wav,data/embeddings/traffic /traffic_14_seg022.npy
traffic ,data/split_5s/traffic /traffic_14_seg023.wav,data/embeddings/traffic /traffic_14_seg023.npy
traffic ,data/split_5s/traffic /traffic_14_seg024.wav,data/embeddings/traffic /traffic_14_seg024.npy
traffic ,data/split_5s/traffic /traffic_14_seg025.wav,data/embeddings/traffic /traffic_14_seg025.npy
traffic ,data/split_5s/traffic /traffic_14_seg026.wav,data/embeddings/traffic /traffic_14_seg026.npy
traffic ,data/split_5s/traffic /traffic_14_seg027.wav,data/embeddings/traffic /traffic_14_seg027.npy
traffic ,data/split_5s/traffic /traffic_14_seg028.wav,data/embeddings/traffic /traffic_14_seg028.npy
traffic ,data/split_5s/traffic /traffic_14_seg029.wav,data/embeddings/traffic /traffic_14_seg029.npy
traffic ,data/split_5s/traffic /traffic_14_seg030.wav,data/embeddings/traffic /traffic_14_seg030.npy
traffic ,data/split_5s/traffic /traffic_14_seg031.wav,data/embeddings/traffic /traffic_14_seg031.npy
traffic ,data/split_5s/traffic /traffic_14_seg032.wav,data/embeddings/traffic /traffic_14_seg032.npy
traffic ,data/split_5s/traffic /traffic_14_seg033.wav,data/embeddings/traffic /traffic_14_seg033.npy
traffic ,data/split_5s/traffic /traffic_14_seg034.wav,data/embeddings/traffic /traffic_14_seg034.npy
traffic ,data/split_5s/traffic /traffic_14_seg035.wav,data/embeddings/traffic /traffic_14_seg035.npy
traffic ,data/split_5s/traffic /traffic_14_seg036.wav,data/embeddings/traffic /traffic_14_seg036.npy
traffic ,data/split_5s/traffic /traffic_14_seg037.wav,data/embeddings/traffic /traffic_14_seg037.npy
traffic ,data/split_5s/traffic /traffic_14_seg038.wav,data/embeddings/traffic /traffic_14_seg038.npy
traffic ,data/split_5s/traffic /traffic_14_seg039.wav,data/embeddings/traffic /traffic_14_seg039.npy
traffic ,data/split_5s/traffic /traffic_15_seg000.wav,data/embeddings/traffic /traffic_15_seg000.npy
traffic ,data/split_5s/traffic /traffic_15_seg001.wav,data/embeddings/traffic /traffic_15_seg001.npy
traffic ,data/split_5s/traffic /traffic_15_seg002.wav,data/embeddings/traffic /traffic_15_seg002.npy
traffic ,data/split_5s/traffic /traffic_15_seg003.wav,data/embeddings/traffic /traffic_15_seg003.npy
traffic ,data/split_5s/traffic /traffic_15_seg004.wav,data/embeddings/traffic /traffic_15_seg004.npy
traffic ,data/split_5s/traffic /traffic_16_seg000.wav,data/embeddings/traffic /traffic_16_seg000.npy
traffic ,data/split_5s/traffic /traffic_16_seg001.wav,data/embeddings/traffic /traffic_16_seg001.npy
traffic ,data/split_5s/traffic /traffic_16_seg002.wav,data/embeddings/traffic /traffic_16_seg002.npy
traffic ,data/split_5s/traffic /traffic_16_seg003.wav,data/embeddings/traffic /traffic_16_seg003.npy
traffic ,data/split_5s/traffic /traffic_16_seg004.wav,data/embeddings/traffic /traffic_16_seg004.npy
traffic ,data/split_5s/traffic /traffic_17_seg000.wav,data/embeddings/traffic /traffic_17_seg000.npy
traffic ,data/split_5s/traffic /traffic_17_seg001.wav,data/embeddings/traffic /traffic_17_seg001.npy
traffic ,data/split_5s/traffic /traffic_17_seg002.wav,data/embeddings/traffic /traffic_17_seg002.npy
traffic ,data/split_5s/traffic /traffic_17_seg003.wav,data/embeddings/traffic /traffic_17_seg003.npy
traffic ,data/split_5s/traffic /traffic_17_seg004.wav,data/embeddings/traffic /traffic_17_seg004.npy
traffic ,data/split_5s/traffic /traffic_17_seg005.wav,data/embeddings/traffic /traffic_17_seg005.npy
traffic ,data/split_5s/traffic /traffic_17_seg006.wav,data/embeddings/traffic /traffic_17_seg006.npy
traffic ,data/split_5s/traffic /traffic_17_seg007.wav,data/embeddings/traffic /traffic_17_seg007.npy
traffic ,data/split_5s/traffic /traffic_17_seg008.wav,data/embeddings/traffic /traffic_17_seg008.npy
traffic ,data/split_5s/traffic /traffic_17_seg009.wav,data/embeddings/traffic /traffic_17_seg009.npy
traffic ,data/split_5s/traffic /traffic_17_seg010.wav,data/embeddings/traffic /traffic_17_seg010.npy
traffic ,data/split_5s/traffic /traffic_17_seg011.wav,data/embeddings/traffic /traffic_17_seg011.npy
traffic ,data/split_5s/traffic /traffic_17_seg012.wav,data/embeddings/traffic /traffic_17_seg012.npy
traffic ,data/split_5s/traffic /traffic_17_seg013.wav,data/embeddings/traffic /traffic_17_seg013.npy
traffic ,data/split_5s/traffic /traffic_17_seg014.wav,data/embeddings/traffic /traffic_17_seg014.npy
traffic ,data/split_5s/traffic /traffic_17_seg015.wav,data/embeddings/traffic /traffic_17_seg015.npy
traffic ,data/split_5s/traffic /traffic_17_seg016.wav,data/embeddings/traffic /traffic_17_seg016.npy
traffic ,data/split_5s/traffic /traffic_17_seg017.wav,data/embeddings/traffic /traffic_17_seg017.npy
traffic ,data/split_5s/traffic /traffic_17_seg018.wav,data/embeddings/traffic /traffic_17_seg018.npy
traffic ,data/split_5s/traffic /traffic_17_seg019.wav,data/embeddings/traffic /traffic_17_seg019.npy
traffic ,data/split_5s/traffic /traffic_17_seg020.wav,data/embeddings/traffic /traffic_17_seg020.npy
traffic ,data/split_5s/traffic /traffic_17_seg021.wav,data/embeddings/traffic /traffic_17_seg021.npy
traffic ,data/split_5s/traffic /traffic_17_seg022.wav,data/embeddings/traffic /traffic_17_seg022.npy
traffic ,data/split_5s/traffic /traffic_17_seg023.wav,data/embeddings/traffic /traffic_17_seg023.npy
traffic ,data/split_5s/traffic /traffic_17_seg024.wav,data/embeddings/traffic /traffic_17_seg024.npy
traffic ,data/split_5s/traffic /traffic_17_seg025.wav,data/embeddings/traffic /traffic_17_seg025.npy
traffic ,data/split_5s/traffic /traffic_17_seg026.wav,data/embeddings/traffic /traffic_17_seg026.npy
traffic ,data/split_5s/traffic /traffic_17_seg027.wav,data/embeddings/traffic /traffic_17_seg027.npy
traffic ,data/split_5s/traffic /traffic_17_seg028.wav,data/embeddings/traffic /traffic_17_seg028.npy
traffic ,data/split_5s/traffic /traffic_17_seg029.wav,data/embeddings/traffic /traffic_17_seg029.npy
traffic ,data/split_5s/traffic /traffic_17_seg030.wav,data/embeddings/traffic /traffic_17_seg030.npy
traffic ,data/split_5s/traffic /traffic_17_seg031.wav,data/embeddings/traffic /traffic_17_seg031.npy
traffic ,data/split_5s/traffic /traffic_17_seg032.wav,data/embeddings/traffic /traffic_17_seg032.npy
traffic ,data/split_5s/traffic /traffic_17_seg033.wav,data/embeddings/traffic /traffic_17_seg033.npy
traffic ,data/split_5s/traffic /traffic_17_seg034.wav,data/embeddings/traffic /traffic_17_seg034.npy
traffic ,data/split_5s/traffic /traffic_17_seg035.wav,data/embeddings/traffic /traffic_17_seg035.npy
traffic ,data/split_5s/traffic /traffic_17_seg036.wav,data/embeddings/traffic /traffic_17_seg036.npy
traffic ,data/split_5s/traffic /traffic_17_seg037.wav,data/embeddings/traffic /traffic_17_seg037.npy
traffic ,data/split_5s/traffic /traffic_17_seg038.wav,data/embeddings/traffic /traffic_17_seg038.npy
traffic ,data/split_5s/traffic /traffic_17_seg039.wav,data/embeddings/traffic /traffic_17_seg039.npy
traffic ,data/split_5s/traffic /traffic_17_seg040.wav,data/embeddings/traffic /traffic_17_seg040.npy
traffic ,data/split_5s/traffic /traffic_17_seg041.wav,data/embeddings/traffic /traffic_17_seg041.npy
traffic ,data/split_5s/traffic /traffic_17_seg042.wav,data/embeddings/traffic /traffic_17_seg042.npy
traffic ,data/split_5s/traffic /traffic_17_seg043.wav,data/embeddings/traffic /traffic_17_seg043.npy
traffic ,data/split_5s/traffic /traffic_17_seg044.wav,data/embeddings/traffic /traffic_17_seg044.npy
traffic ,data/split_5s/traffic /traffic_17_seg045.wav,data/embeddings/traffic /traffic_17_seg045.npy
traffic ,data/split_5s/traffic /traffic_17_seg046.wav,data/embeddings/traffic /traffic_17_seg046.npy
traffic ,data/split_5s/traffic /traffic_17_seg047.wav,data/embeddings/traffic /traffic_17_seg047.npy
traffic ,data/split_5s/traffic /traffic_17_seg048.wav,data/embeddings/traffic /traffic_17_seg048.npy
traffic ,data/split_5s/traffic /traffic_17_seg049.wav,data/embeddings/traffic /traffic_17_seg049.npy
traffic ,data/split_5s/traffic /traffic_18_seg000.wav,data/embeddings/traffic /traffic_18_seg000.npy
traffic ,data/split_5s/traffic /traffic_18_seg001.wav,data/embeddings/traffic /traffic_18_seg001.npy
traffic ,data/split_5s/traffic /traffic_18_seg002.wav,data/embeddings/traffic /traffic_18_seg002.npy
traffic ,data/split_5s/traffic /traffic_18_seg003.wav,data/embeddings/traffic /traffic_18_seg003.npy
traffic ,data/split_5s/traffic /traffic_18_seg004.wav,data/embeddings/traffic /traffic_18_seg004.npy
traffic ,data/split_5s/traffic /traffic_18_seg005.wav,data/embeddings/traffic /traffic_18_seg005.npy
traffic ,data/split_5s/traffic /traffic_18_seg006.wav,data/embeddings/traffic /traffic_18_seg006.npy
traffic ,data/split_5s/traffic /traffic_18_seg007.wav,data/embeddings/traffic /traffic_18_seg007.npy
traffic ,data/split_5s/traffic /traffic_18_seg008.wav,data/embeddings/traffic /traffic_18_seg008.npy
traffic ,data/split_5s/traffic /traffic_18_seg009.wav,data/embeddings/traffic /traffic_18_seg009.npy
traffic ,data/split_5s/traffic /traffic_18_seg010.wav,data/embeddings/traffic /traffic_18_seg010.npy
traffic ,data/split_5s/traffic /traffic_18_seg011.wav,data/embeddings/traffic /traffic_18_seg011.npy
traffic ,data/split_5s/traffic /traffic_18_seg012.wav,data/embeddings/traffic /traffic_18_seg012.npy
traffic ,data/split_5s/traffic /traffic_18_seg013.wav,data/embeddings/traffic /traffic_18_seg013.npy
traffic ,data/split_5s/traffic /traffic_19_seg000.wav,data/embeddings/traffic /traffic_19_seg000.npy
traffic ,data/split_5s/traffic /traffic_19_seg001.wav,data/embeddings/traffic /traffic_19_seg001.npy
traffic ,data/split_5s/traffic /traffic_19_seg002.wav,data/embeddings/traffic /traffic_19_seg002.npy
traffic ,data/split_5s/traffic /traffic_19_seg003.wav,data/embeddings/traffic /traffic_19_seg003.npy
traffic ,data/split_5s/traffic /traffic_19_seg004.wav,data/embeddings/traffic /traffic_19_seg004.npy
traffic ,data/split_5s/traffic /traffic_19_seg005.wav,data/embeddings/traffic /traffic_19_seg005.npy
traffic ,data/split_5s/traffic /traffic_19_seg006.wav,data/embeddings/traffic /traffic_19_seg006.npy
traffic ,data/split_5s/traffic /traffic_19_seg007.wav,data/embeddings/traffic /traffic_19_seg007.npy
traffic ,data/split_5s/traffic /traffic_19_seg008.wav,data/embeddings/traffic /traffic_19_seg008.npy
traffic ,data/split_5s/traffic /traffic_19_seg009.wav,data/embeddings/traffic /traffic_19_seg009.npy
traffic ,data/split_5s/traffic /traffic_19_seg010.wav,data/embeddings/traffic /traffic_19_seg010.npy
traffic ,data/split_5s/traffic /traffic_19_seg011.wav,data/embeddings/traffic /traffic_19_seg011.npy
traffic ,data/split_5s/traffic /traffic_19_seg012.wav,data/embeddings/traffic /traffic_19_seg012.npy
traffic ,data/split_5s/traffic /traffic_19_seg013.wav,data/embeddings/traffic /traffic_19_seg013.npy
traffic ,data/split_5s/traffic /traffic_19_seg014.wav,data/embeddings/traffic /traffic_19_seg014.npy
traffic ,data/split_5s/traffic /traffic_19_seg015.wav,data/embeddings/traffic /traffic_19_seg015.npy
traffic ,data/split_5s/traffic /traffic_19_seg016.wav,data/embeddings/traffic /traffic_19_seg016.npy
traffic ,data/split_5s/traffic /traffic_19_seg017.wav,data/embeddings/traffic /traffic_19_seg017.npy
traffic ,data/split_5s/traffic /traffic_19_seg018.wav,data/embeddings/traffic /traffic_19_seg018.npy
traffic ,data/split_5s/traffic /traffic_19_seg019.wav,data/embeddings/traffic /traffic_19_seg019.npy
traffic ,data/split_5s/traffic /traffic_19_seg020.wav,data/embeddings/traffic /traffic_19_seg020.npy
traffic ,data/split_5s/traffic /traffic_19_seg021.wav,data/embeddings/traffic /traffic_19_seg021.npy
traffic ,data/split_5s/traffic /traffic_1_seg000.wav,data/embeddings/traffic /traffic_1_seg000.npy
traffic ,data/split_5s/traffic /traffic_1_seg001.wav,data/embeddings/traffic /traffic_1_seg001.npy
traffic ,data/split_5s/traffic /traffic_1_seg002.wav,data/embeddings/traffic /traffic_1_seg002.npy
traffic ,data/split_5s/traffic /traffic_1_seg003.wav,data/embeddings/traffic /traffic_1_seg003.npy
traffic ,data/split_5s/traffic /traffic_1_seg004.wav,data/embeddings/traffic /traffic_1_seg004.npy
traffic ,data/split_5s/traffic /traffic_2_seg000.wav,data/embeddings/traffic /traffic_2_seg000.npy
traffic ,data/split_5s/traffic /traffic_2_seg001.wav,data/embeddings/traffic /traffic_2_seg001.npy
traffic ,data/split_5s/traffic /traffic_2_seg002.wav,data/embeddings/traffic /traffic_2_seg002.npy
traffic ,data/split_5s/traffic /traffic_2_seg003.wav,data/embeddings/traffic /traffic_2_seg003.npy
traffic ,data/split_5s/traffic /traffic_2_seg004.wav,data/embeddings/traffic /traffic_2_seg004.npy
traffic ,data/split_5s/traffic /traffic_2_seg005.wav,data/embeddings/traffic /traffic_2_seg005.npy
traffic ,data/split_5s/traffic /traffic_2_seg006.wav,data/embeddings/traffic /traffic_2_seg006.npy
traffic ,data/split_5s/traffic /traffic_2_seg007.wav,data/embeddings/traffic /traffic_2_seg007.npy
traffic ,data/split_5s/traffic /traffic_2_seg008.wav,data/embeddings/traffic /traffic_2_seg008.npy
traffic ,data/split_5s/traffic /traffic_2_seg009.wav,data/embeddings/traffic /traffic_2_seg009.npy
traffic ,data/split_5s/traffic /traffic_2_seg010.wav,data/embeddings/traffic /traffic_2_seg010.npy
traffic ,data/split_5s/traffic /traffic_2_seg011.wav,data/embeddings/traffic /traffic_2_seg011.npy
traffic ,data/split_5s/traffic /traffic_2_seg012.wav,data/embeddings/traffic /traffic_2_seg012.npy
traffic ,data/split_5s/traffic /traffic_2_seg013.wav,data/embeddings/traffic /traffic_2_seg013.npy
traffic ,data/split_5s/traffic /traffic_2_seg014.wav,data/embeddings/traffic /traffic_2_seg014.npy
traffic ,data/split_5s/traffic /traffic_2_seg015.wav,data/embeddings/traffic /traffic_2_seg015.npy
traffic ,data/split_5s/traffic /traffic_2_seg016.wav,data/embeddings/traffic /traffic_2_seg016.npy
traffic ,data/split_5s/traffic /traffic_2_seg017.wav,data/embeddings/traffic /traffic_2_seg017.npy
traffic ,data/split_5s/traffic /traffic_2_seg018.wav,data/embeddings/traffic /traffic_2_seg018.npy
traffic ,data/split_5s/traffic /traffic_2_seg019.wav,data/embeddings/traffic /traffic_2_seg019.npy
traffic ,data/split_5s/traffic /traffic_2_seg020.wav,data/embeddings/traffic /traffic_2_seg020.npy
traffic ,data/split_5s/traffic /traffic_2_seg021.wav,data/embeddings/traffic /traffic_2_seg021.npy
traffic ,data/split_5s/traffic /traffic_2_seg022.wav,data/embeddings/traffic /traffic_2_seg022.npy
traffic ,data/split_5s/traffic /traffic_2_seg023.wav,data/embeddings/traffic /traffic_2_seg023.npy
traffic ,data/split_5s/traffic /traffic_2_seg024.wav,data/embeddings/traffic /traffic_2_seg024.npy
traffic ,data/split_5s/traffic /traffic_2_seg025.wav,data/embeddings/traffic /traffic_2_seg025.npy
traffic ,data/split_5s/traffic /traffic_2_seg026.wav,data/embeddings/traffic /traffic_2_seg026.npy
traffic ,data/split_5s/traffic /traffic_2_seg027.wav,data/embeddings/traffic /traffic_2_seg027.npy
traffic ,data/split_5s/traffic /traffic_2_seg028.wav,data/embeddings/traffic /traffic_2_seg028.npy
traffic ,data/split_5s/traffic /traffic_2_seg029.wav,data/embeddings/traffic /traffic_2_seg029.npy
traffic ,data/split_5s/traffic /traffic_2_seg030.wav,data/embeddings/traffic /traffic_2_seg030.npy
traffic ,data/split_5s/traffic /traffic_2_seg031.wav,data/embeddings/traffic /traffic_2_seg031.npy
traffic ,data/split_5s/traffic /traffic_2_seg032.wav,data/embeddings/traffic /traffic_2_seg032.npy
traffic ,data/split_5s/traffic /traffic_2_seg033.wav,data/embeddings/traffic /traffic_2_seg033.npy
traffic ,data/split_5s/traffic /traffic_2_seg034.wav,data/embeddings/traffic /traffic_2_seg034.npy
traffic ,data/split_5s/traffic /traffic_2_seg035.wav,data/embeddings/traffic /traffic_2_seg035.npy
traffic ,data/split_5s/traffic /traffic_2_seg036.wav,data/embeddings/traffic /traffic_2_seg036.npy
traffic ,data/split_5s/traffic /traffic_2_seg037.wav,data/embeddings/traffic /traffic_2_seg037.npy
traffic ,data/split_5s/traffic /traffic_2_seg038.wav,data/embeddings/traffic /traffic_2_seg038.npy
traffic ,data/split_5s/traffic /traffic_2_seg039.wav,data/embeddings/traffic /traffic_2_seg039.npy
traffic ,data/split_5s/traffic /traffic_2_seg040.wav,data/embeddings/traffic /traffic_2_seg040.npy
traffic ,data/split_5s/traffic /traffic_2_seg041.wav,data/embeddings/traffic /traffic_2_seg041.npy
traffic ,data/split_5s/traffic /traffic_2_seg042.wav,data/embeddings/traffic /traffic_2_seg042.npy
traffic ,data/split_5s/traffic /traffic_2_seg043.wav,data/embeddings/traffic /traffic_2_seg043.npy
traffic ,data/split_5s/traffic /traffic_2_seg044.wav,data/embeddings/traffic /traffic_2_seg044.npy
traffic ,data/split_5s/traffic /traffic_2_seg045.wav,data/embeddings/traffic /traffic_2_seg045.npy
traffic ,data/split_5s/traffic /traffic_2_seg046.wav,data/embeddings/traffic /traffic_2_seg046.npy
traffic ,data/split_5s/traffic /traffic_2_seg047.wav,data/embeddings/traffic /traffic_2_seg047.npy
traffic ,data/split_5s/traffic /traffic_2_seg048.wav,data/embeddings/traffic /traffic_2_seg048.npy
traffic ,data/split_5s/traffic /traffic_2_seg049.wav,data/embeddings/traffic /traffic_2_seg049.npy
traffic ,data/split_5s/traffic /traffic_2_seg050.wav,data/embeddings/traffic /traffic_2_seg050.npy
traffic ,data/split_5s/traffic /traffic_2_seg051.wav,data/embeddings/traffic /traffic_2_seg051.npy
traffic ,data/split_5s/traffic /traffic_2_seg052.wav,data/embeddings/traffic /traffic_2_seg052.npy
traffic ,data/split_5s/traffic /traffic_2_seg053.wav,data/embeddings/traffic /traffic_2_seg053.npy
traffic ,data/split_5s/traffic /traffic_2_seg054.wav,data/embeddings/traffic /traffic_2_seg054.npy
traffic ,data/split_5s/traffic /traffic_2_seg055.wav,data/embeddings/traffic /traffic_2_seg055.npy
traffic ,data/split_5s/traffic /traffic_2_seg056.wav,data/embeddings/traffic /traffic_2_seg056.npy
traffic ,data/split_5s/traffic /traffic_2_seg057.wav,data/embeddings/traffic /traffic_2_seg057.npy
traffic ,data/split_5s/traffic /traffic_2_seg058.wav,data/embeddings/traffic /traffic_2_seg058.npy
traffic ,data/split_5s/traffic /traffic_2_seg059.wav,data/embeddings/traffic /traffic_2_seg059.npy
traffic ,data/split_5s/traffic /traffic_2_seg060.wav,data/embeddings/traffic /traffic_2_seg060.npy
traffic ,data/split_5s/traffic /traffic_2_seg061.wav,data/embeddings/traffic /traffic_2_seg061.npy
traffic ,data/split_5s/traffic /traffic_2_seg062.wav,data/embeddings/traffic /traffic_2_seg062.npy
traffic ,data/split_5s/traffic /traffic_2_seg063.wav,data/embeddings/traffic /traffic_2_seg063.npy
traffic ,data/split_5s/traffic /traffic_2_seg064.wav,data/embeddings/traffic /traffic_2_seg064.npy
traffic ,data/split_5s/traffic /traffic_2_seg065.wav,data/embeddings/traffic /traffic_2_seg065.npy
traffic ,data/split_5s/traffic /traffic_2_seg066.wav,data/embeddings/traffic /traffic_2_seg066.npy
traffic ,data/split_5s/traffic /traffic_2_seg067.wav,data/embeddings/traffic /traffic_2_seg067.npy
traffic ,data/split_5s/traffic /traffic_2_seg068.wav,data/embeddings/traffic /traffic_2_seg068.npy
traffic ,data/split_5s/traffic /traffic_2_seg069.wav,data/embeddings/traffic /traffic_2_seg069.npy
traffic ,data/split_5s/traffic /traffic_2_seg070.wav,data/embeddings/traffic /traffic_2_seg070.npy
traffic ,data/split_5s/traffic /traffic_2_seg071.wav,data/embeddings/traffic /traffic_2_seg071.npy
traffic ,data/split_5s/traffic /traffic_2_seg072.wav,data/embeddings/traffic /traffic_2_seg072.npy
traffic ,data/split_5s/traffic /traffic_2_seg073.wav,data/embeddings/traffic /traffic_2_seg073.npy
traffic ,data/split_5s/traffic /traffic_2_seg074.wav,data/embeddings/traffic /traffic_2_seg074.npy
traffic ,data/split_5s/traffic /traffic_2_seg075.wav,data/embeddings/traffic /traffic_2_seg075.npy
traffic ,data/split_5s/traffic /traffic_2_seg076.wav,data/embeddings/traffic /traffic_2_seg076.npy
traffic ,data/split_5s/traffic /traffic_2_seg077.wav,data/embeddings/traffic /traffic_2_seg077.npy
traffic ,data/split_5s/traffic /traffic_2_seg078.wav,data/embeddings/traffic /traffic_2_seg078.npy
traffic ,data/split_5s/traffic /traffic_2_seg079.wav,data/embeddings/traffic /traffic_2_seg079.npy
traffic ,data/split_5s/traffic /traffic_2_seg080.wav,data/embeddings/traffic /traffic_2_seg080.npy
traffic ,data/split_5s/traffic /traffic_2_seg081.wav,data/embeddings/traffic /traffic_2_seg081.npy
traffic ,data/split_5s/traffic /traffic_2_seg082.wav,data/embeddings/traffic /traffic_2_seg082.npy
traffic ,data/split_5s/traffic /traffic_2_seg083.wav,data/embeddings/traffic /traffic_2_seg083.npy
traffic ,data/split_5s/traffic /traffic_2_seg084.wav,data/embeddings/traffic /traffic_2_seg084.npy
traffic ,data/split_5s/traffic /traffic_2_seg085.wav,data/embeddings/traffic /traffic_2_seg085.npy
traffic ,data/split_5s/traffic /traffic_2_seg086.wav,data/embeddings/traffic /traffic_2_seg086.npy
traffic ,data/split_5s/traffic /traffic_2_seg087.wav,data/embeddings/traffic /traffic_2_seg087.npy
traffic ,data/split_5s/traffic /traffic_2_seg088.wav,data/embeddings/traffic /traffic_2_seg088.npy
traffic ,data/split_5s/traffic /traffic_2_seg089.wav,data/embeddings/traffic /traffic_2_seg089.npy
traffic ,data/split_5s/traffic /traffic_2_seg090.wav,data/embeddings/traffic /traffic_2_seg090.npy
traffic ,data/split_5s/traffic /traffic_2_seg091.wav,data/embeddings/traffic /traffic_2_seg091.npy
traffic ,data/split_5s/traffic /traffic_2_seg092.wav,data/embeddings/traffic /traffic_2_seg092.npy
traffic ,data/split_5s/traffic /traffic_2_seg093.wav,data/embeddings/traffic /traffic_2_seg093.npy
traffic ,data/split_5s/traffic /traffic_2_seg094.wav,data/embeddings/traffic /traffic_2_seg094.npy
traffic ,data/split_5s/traffic /traffic_2_seg095.wav,data/embeddings/traffic /traffic_2_seg095.npy
traffic ,data/split_5s/traffic /traffic_2_seg096.wav,data/embeddings/traffic /traffic_2_seg096.npy
traffic ,data/split_5s/traffic /traffic_2_seg097.wav,data/embeddings/traffic /traffic_2_seg097.npy
traffic ,data/split_5s/traffic /traffic_2_seg098.wav,data/embeddings/traffic /traffic_2_seg098.npy
traffic ,data/split_5s/traffic /traffic_2_seg099.wav,data/embeddings/traffic /traffic_2_seg099.npy
traffic ,data/split_5s/traffic /traffic_2_seg100.wav,data/embeddings/traffic /traffic_2_seg100.npy
traffic ,data/split_5s/traffic /traffic_2_seg101.wav,data/embeddings/traffic /traffic_2_seg101.npy
traffic ,data/split_5s/traffic /traffic_2_seg102.wav,data/embeddings/traffic /traffic_2_seg102.npy
traffic ,data/split_5s/traffic /traffic_2_seg103.wav,data/embeddings/traffic /traffic_2_seg103.npy
traffic ,data/split_5s/traffic /traffic_2_seg104.wav,data/embeddings/traffic /traffic_2_seg104.npy
traffic ,data/split_5s/traffic /traffic_2_seg105.wav,data/embeddings/traffic /traffic_2_seg105.npy
traffic ,data/split_5s/traffic /traffic_2_seg106.wav,data/embeddings/traffic /traffic_2_seg106.npy
traffic ,data/split_5s/traffic /traffic_2_seg107.wav,data/embeddings/traffic /traffic_2_seg107.npy
traffic ,data/split_5s/traffic /traffic_2_seg108.wav,data/embeddings/traffic /traffic_2_seg108.npy
traffic ,data/split_5s/traffic /traffic_2_seg109.wav,data/embeddings/traffic /traffic_2_seg109.npy
traffic ,data/split_5s/traffic /traffic_2_seg110.wav,data/embeddings/traffic /traffic_2_seg110.npy
traffic ,data/split_5s/traffic /traffic_2_seg111.wav,data/embeddings/traffic /traffic_2_seg111.npy
traffic ,data/split_5s/traffic /traffic_2_seg112.wav,data/embeddings/traffic /traffic_2_seg112.npy
traffic ,data/split_5s/traffic /traffic_2_seg113.wav,data/embeddings/traffic /traffic_2_seg113.npy
traffic ,data/split_5s/traffic /traffic_2_seg114.wav,data/embeddings/traffic /traffic_2_seg114.npy
traffic ,data/split_5s/traffic /traffic_2_seg115.wav,data/embeddings/traffic /traffic_2_seg115.npy
traffic ,data/split_5s/traffic /traffic_2_seg116.wav,data/embeddings/traffic /traffic_2_seg116.npy
traffic ,data/split_5s/traffic /traffic_2_seg117.wav,data/embeddings/traffic /traffic_2_seg117.npy
traffic ,data/split_5s/traffic /traffic_2_seg118.wav,data/embeddings/traffic /traffic_2_seg118.npy
traffic ,data/split_5s/traffic /traffic_2_seg119.wav,data/embeddings/traffic /traffic_2_seg119.npy
traffic ,data/split_5s/traffic /traffic_2_seg120.wav,data/embeddings/traffic /traffic_2_seg120.npy
traffic ,data/split_5s/traffic /traffic_2_seg121.wav,data/embeddings/traffic /traffic_2_seg121.npy
traffic ,data/split_5s/traffic /traffic_2_seg122.wav,data/embeddings/traffic /traffic_2_seg122.npy
traffic ,data/split_5s/traffic /traffic_2_seg123.wav,data/embeddings/traffic /traffic_2_seg123.npy
traffic ,data/split_5s/traffic /traffic_2_seg124.wav,data/embeddings/traffic /traffic_2_seg124.npy
traffic ,data/split_5s/traffic /traffic_2_seg125.wav,data/embeddings/traffic /traffic_2_seg125.npy
traffic ,data/split_5s/traffic /traffic_2_seg126.wav,data/embeddings/traffic /traffic_2_seg126.npy
traffic ,data/split_5s/traffic /traffic_2_seg127.wav,data/embeddings/traffic /traffic_2_seg127.npy
traffic ,data/split_5s/traffic /traffic_2_seg128.wav,data/embeddings/traffic /traffic_2_seg128.npy
traffic ,data/split_5s/traffic /traffic_2_seg129.wav,data/embeddings/traffic /traffic_2_seg129.npy
traffic ,data/split_5s/traffic /traffic_2_seg130.wav,data/embeddings/traffic /traffic_2_seg130.npy
traffic ,data/split_5s/traffic /traffic_2_seg131.wav,data/embeddings/traffic /traffic_2_seg131.npy
traffic ,data/split_5s/traffic /traffic_2_seg132.wav,data/embeddings/traffic /traffic_2_seg132.npy
traffic ,data/split_5s/traffic /traffic_2_seg133.wav,data/embeddings/traffic /traffic_2_seg133.npy
traffic ,data/split_5s/traffic /traffic_2_seg134.wav,data/embeddings/traffic /traffic_2_seg134.npy
traffic ,data/split_5s/traffic /traffic_2_seg135.wav,data/embeddings/traffic /traffic_2_seg135.npy
traffic ,data/split_5s/traffic /traffic_2_seg136.wav,data/embeddings/traffic /traffic_2_seg136.npy
traffic ,data/split_5s/traffic /traffic_2_seg137.wav,data/embeddings/traffic /traffic_2_seg137.npy
traffic ,data/split_5s/traffic /traffic_2_seg138.wav,data/embeddings/traffic /traffic_2_seg138.npy
traffic ,data/split_5s/traffic /traffic_2_seg139.wav,data/embeddings/traffic /traffic_2_seg139.npy
traffic ,data/split_5s/traffic /traffic_2_seg140.wav,data/embeddings/traffic /traffic_2_seg140.npy
traffic ,data/split_5s/traffic /traffic_2_seg141.wav,data/embeddings/traffic /traffic_2_seg141.npy
traffic ,data/split_5s/traffic /traffic_2_seg142.wav,data/embeddings/traffic /traffic_2_seg142.npy
traffic ,data/split_5s/traffic /traffic_2_seg143.wav,data/embeddings/traffic /traffic_2_seg143.npy
traffic ,data/split_5s/traffic /traffic_2_seg144.wav,data/embeddings/traffic /traffic_2_seg144.npy
traffic ,data/split_5s/traffic /traffic_2_seg145.wav,data/embeddings/traffic /traffic_2_seg145.npy
traffic ,data/split_5s/traffic /traffic_2_seg146.wav,data/embeddings/traffic /traffic_2_seg146.npy
traffic ,data/split_5s/traffic /traffic_2_seg147.wav,data/embeddings/traffic /traffic_2_seg147.npy
traffic ,data/split_5s/traffic /traffic_2_seg148.wav,data/embeddings/traffic /traffic_2_seg148.npy
traffic ,data/split_5s/traffic /traffic_2_seg149.wav,data/embeddings/traffic /traffic_2_seg149.npy
traffic ,data/split_5s/traffic /traffic_2_seg150.wav,data/embeddings/traffic /traffic_2_seg150.npy
traffic ,data/split_5s/traffic /traffic_2_seg151.wav,data/embeddings/traffic /traffic_2_seg151.npy
traffic ,data/split_5s/traffic /traffic_2_seg152.wav,data/embeddings/traffic /traffic_2_seg152.npy
traffic ,data/split_5s/traffic /traffic_2_seg153.wav,data/embeddings/traffic /traffic_2_seg153.npy
traffic ,data/split_5s/traffic /traffic_2_seg154.wav,data/embeddings/traffic /traffic_2_seg154.npy
traffic ,data/split_5s/traffic /traffic_2_seg155.wav,data/embeddings/traffic /traffic_2_seg155.npy
traffic ,data/split_5s/traffic /traffic_2_seg156.wav,data/embeddings/traffic /traffic_2_seg156.npy
traffic ,data/split_5s/traffic /traffic_2_seg157.wav,data/embeddings/traffic /traffic_2_seg157.npy
traffic ,data/split_5s/traffic /traffic_2_seg158.wav,data/embeddings/traffic /traffic_2_seg158.npy
traffic ,data/split_5s/traffic /traffic_2_seg159.wav,data/embeddings/traffic /traffic_2_seg159.npy
traffic ,data/split_5s/traffic /traffic_3_seg000.wav,data/embeddings/traffic /traffic_3_seg000.npy
traffic ,data/split_5s/traffic /traffic_3_seg001.wav,data/embeddings/traffic /traffic_3_seg001.npy
traffic ,data/split_5s/traffic /traffic_3_seg002.wav,data/embeddings/traffic /traffic_3_seg002.npy
traffic ,data/split_5s/traffic /traffic_3_seg003.wav,data/embeddings/traffic /traffic_3_seg003.npy
traffic ,data/split_5s/traffic /traffic_3_seg004.wav,data/embeddings/traffic /traffic_3_seg004.npy
traffic ,data/split_5s/traffic /traffic_3_seg005.wav,data/embeddings/traffic /traffic_3_seg005.npy
traffic ,data/split_5s/traffic /traffic_3_seg006.wav,data/embeddings/traffic /traffic_3_seg006.npy
traffic ,data/split_5s/traffic /traffic_3_seg007.wav,data/embeddings/traffic /traffic_3_seg007.npy
traffic ,data/split_5s/traffic /traffic_3_seg008.wav,data/embeddings/traffic /traffic_3_seg008.npy
traffic ,data/split_5s/traffic /traffic_3_seg009.wav,data/embeddings/traffic /traffic_3_seg009.npy
traffic ,data/split_5s/traffic /traffic_3_seg010.wav,data/embeddings/traffic /traffic_3_seg010.npy
traffic ,data/split_5s/traffic /traffic_3_seg011.wav,data/embeddings/traffic /traffic_3_seg011.npy
traffic ,data/split_5s/traffic /traffic_3_seg012.wav,data/embeddings/traffic /traffic_3_seg012.npy
traffic ,data/split_5s/traffic /traffic_3_seg013.wav,data/embeddings/traffic /traffic_3_seg013.npy
traffic ,data/split_5s/traffic /traffic_3_seg014.wav,data/embeddings/traffic /traffic_3_seg014.npy
traffic ,data/split_5s/traffic /traffic_3_seg015.wav,data/embeddings/traffic /traffic_3_seg015.npy
traffic ,data/split_5s/traffic /traffic_3_seg016.wav,data/embeddings/traffic /traffic_3_seg016.npy
traffic ,data/split_5s/traffic /traffic_3_seg017.wav,data/embeddings/traffic /traffic_3_seg017.npy
traffic ,data/split_5s/traffic /traffic_3_seg018.wav,data/embeddings/traffic /traffic_3_seg018.npy
traffic ,data/split_5s/traffic /traffic_3_seg019.wav,data/embeddings/traffic /traffic_3_seg019.npy
traffic ,data/split_5s/traffic /traffic_3_seg020.wav,data/embeddings/traffic /traffic_3_seg020.npy
traffic ,data/split_5s/traffic /traffic_3_seg021.wav,data/embeddings/traffic /traffic_3_seg021.npy
traffic ,data/split_5s/traffic /traffic_3_seg022.wav,data/embeddings/traffic /traffic_3_seg022.npy
traffic ,data/split_5s/traffic /traffic_3_seg023.wav,data/embeddings/traffic /traffic_3_seg023.npy
traffic ,data/split_5s/traffic /traffic_3_seg024.wav,data/embeddings/traffic /traffic_3_seg024.npy
traffic ,data/split_5s/traffic /traffic_3_seg025.wav,data/embeddings/traffic /traffic_3_seg025.npy
traffic ,data/split_5s/traffic /traffic_3_seg026.wav,data/embeddings/traffic /traffic_3_seg026.npy
traffic ,data/split_5s/traffic /traffic_3_seg027.wav,data/embeddings/traffic /traffic_3_seg027.npy
traffic ,data/split_5s/traffic /traffic_3_seg028.wav,data/embeddings/traffic /traffic_3_seg028.npy
traffic ,data/split_5s/traffic /traffic_3_seg029.wav,data/embeddings/traffic /traffic_3_seg029.npy
traffic ,data/split_5s/traffic /traffic_3_seg030.wav,data/embeddings/traffic /traffic_3_seg030.npy
traffic ,data/split_5s/traffic /traffic_3_seg031.wav,data/embeddings/traffic /traffic_3_seg031.npy
traffic ,data/split_5s/traffic /traffic_3_seg032.wav,data/embeddings/traffic /traffic_3_seg032.npy
traffic ,data/split_5s/traffic /traffic_3_seg033.wav,data/embeddings/traffic /traffic_3_seg033.npy
traffic ,data/split_5s/traffic /traffic_3_seg034.wav,data/embeddings/traffic /traffic_3_seg034.npy
traffic ,data/split_5s/traffic /traffic_3_seg035.wav,data/embeddings/traffic /traffic_3_seg035.npy
traffic ,data/split_5s/traffic /traffic_3_seg036.wav,data/embeddings/traffic /traffic_3_seg036.npy
traffic ,data/split_5s/traffic /traffic_3_seg037.wav,data/embeddings/traffic /traffic_3_seg037.npy
traffic ,data/split_5s/traffic /traffic_3_seg038.wav,data/embeddings/traffic /traffic_3_seg038.npy
traffic ,data/split_5s/traffic /traffic_3_seg039.wav,data/embeddings/traffic /traffic_3_seg039.npy
traffic ,data/split_5s/traffic /traffic_3_seg040.wav,data/embeddings/traffic /traffic_3_seg040.npy
traffic ,data/split_5s/traffic /traffic_4_seg000.wav,data/embeddings/traffic /traffic_4_seg000.npy
traffic ,data/split_5s/traffic /traffic_4_seg001.wav,data/embeddings/traffic /traffic_4_seg001.npy
traffic ,data/split_5s/traffic /traffic_4_seg002.wav,data/embeddings/traffic /traffic_4_seg002.npy
traffic ,data/split_5s/traffic /traffic_4_seg003.wav,data/embeddings/traffic /traffic_4_seg003.npy
traffic ,data/split_5s/traffic /traffic_4_seg004.wav,data/embeddings/traffic /traffic_4_seg004.npy
traffic ,data/split_5s/traffic /traffic_4_seg005.wav,data/embeddings/traffic /traffic_4_seg005.npy
traffic ,data/split_5s/traffic /traffic_5_seg000.wav,data/embeddings/traffic /traffic_5_seg000.npy
traffic ,data/split_5s/traffic /traffic_5_seg001.wav,data/embeddings/traffic /traffic_5_seg001.npy
traffic ,data/split_5s/traffic /traffic_5_seg002.wav,data/embeddings/traffic /traffic_5_seg002.npy
traffic ,data/split_5s/traffic /traffic_6_seg000.wav,data/embeddings/traffic /traffic_6_seg000.npy
traffic ,data/split_5s/traffic /traffic_6_seg001.wav,data/embeddings/traffic /traffic_6_seg001.npy
traffic ,data/split_5s/traffic /traffic_6_seg002.wav,data/embeddings/traffic /traffic_6_seg002.npy
traffic ,data/split_5s/traffic /traffic_6_seg003.wav,data/embeddings/traffic /traffic_6_seg003.npy
traffic ,data/split_5s/traffic /traffic_6_seg004.wav,data/embeddings/traffic /traffic_6_seg004.npy
traffic ,data/split_5s/traffic /traffic_6_seg005.wav,data/embeddings/traffic /traffic_6_seg005.npy
traffic ,data/split_5s/traffic /traffic_6_seg006.wav,data/embeddings/traffic /traffic_6_seg006.npy
traffic ,data/split_5s/traffic /traffic_6_seg007.wav,data/embeddings/traffic /traffic_6_seg007.npy
traffic ,data/split_5s/traffic /traffic_6_seg008.wav,data/embeddings/traffic /traffic_6_seg008.npy
traffic ,data/split_5s/traffic /traffic_7_seg000.wav,data/embeddings/traffic /traffic_7_seg000.npy
traffic ,data/split_5s/traffic /traffic_7_seg001.wav,data/embeddings/traffic /traffic_7_seg001.npy
traffic ,data/split_5s/traffic /traffic_7_seg002.wav,data/embeddings/traffic /traffic_7_seg002.npy
traffic ,data/split_5s/traffic /traffic_7_seg003.wav,data/embeddings/traffic /traffic_7_seg003.npy
traffic ,data/split_5s/traffic /traffic_8_seg000.wav,data/embeddings/traffic /traffic_8_seg000.npy
traffic ,data/split_5s/traffic /traffic_8_seg001.wav,data/embeddings/traffic /traffic_8_seg001.npy
traffic ,data/split_5s/traffic /traffic_8_seg002.wav,data/embeddings/traffic /traffic_8_seg002.npy
traffic ,data/split_5s/traffic /traffic_8_seg003.wav,data/embeddings/traffic /traffic_8_seg003.npy
traffic ,data/split_5s/traffic /traffic_8_seg004.wav,data/embeddings/traffic /traffic_8_seg004.npy
traffic ,data/split_5s/traffic /traffic_8_seg005.wav,data/embeddings/traffic /traffic_8_seg005.npy
traffic ,data/split_5s/traffic /traffic_8_seg006.wav,data/embeddings/traffic /traffic_8_seg006.npy
traffic ,data/split_5s/traffic /traffic_8_seg007.wav,data/embeddings/traffic /traffic_8_seg007.npy
traffic ,data/split_5s/traffic /traffic_8_seg008.wav,data/embeddings/traffic /traffic_8_seg008.npy
traffic ,data/split_5s/traffic /traffic_8_seg009.wav,data/embeddings/traffic /traffic_8_seg009.npy
traffic ,data/split_5s/traffic /traffic_9_seg000.wav,data/embeddings/traffic /traffic_9_seg000.npy
traffic ,data/split_5s/traffic /traffic_9_seg001.wav,data/embeddings/traffic /traffic_9_seg001.npy
traffic ,data/split_5s/traffic /traffic_9_seg002.wav,data/embeddings/traffic /traffic_9_seg002.npy
traffic ,data/split_5s/traffic /traffic_9_seg003.wav,data/embeddings/traffic /traffic_9_seg003.npy
traffic ,data/split_5s/traffic /traffic_9_seg004.wav,data/embeddings/traffic /traffic_9_seg004.npy
traffic ,data/split_5s/traffic /traffic_9_seg005.wav,data/embeddings/traffic /traffic_9_seg005.npy
traffic ,data/split_5s/traffic /traffic_9_seg006.wav,data/embeddings/traffic /traffic_9_seg006.npy
traffic ,data/split_5s/traffic /traffic_9_seg007.wav,data/embeddings/traffic /traffic_9_seg007.npy
traffic ,data/split_5s/traffic /traffic_9_seg008.wav,data/embeddings/traffic /traffic_9_seg008.npy
traffic ,data/split_5s/traffic /traffic_9_seg009.wav,data/embeddings/traffic /traffic_9_seg009.npy
traffic ,data/split_5s/traffic /traffic_9_seg010.wav,data/embeddings/traffic /traffic_9_seg010.npy
traffic ,data/split_5s/traffic /traffic_9_seg011.wav,data/embeddings/traffic /traffic_9_seg011.npy
traffic ,data/split_5s/traffic /traffic_9_seg012.wav,data/embeddings/traffic /traffic_9_seg012.npy
traffic ,data/split_5s/traffic /traffic_9_seg013.wav,data/embeddings/traffic /traffic_9_seg013.npy
traffic ,data/split_5s/traffic /traffic_9_seg014.wav,data/embeddings/traffic /traffic_9_seg014.npy
traffic ,data/split_5s/traffic /traffic_9_seg015.wav,data/embeddings/traffic /traffic_9_seg015.npy
traffic ,data/split_5s/traffic /traffic_9_seg016.wav,data/embeddings/traffic /traffic_9_seg016.npy
traffic ,data/split_5s/traffic /traffic_9_seg017.wav,data/embeddings/traffic /traffic_9_seg017.npy
traffic ,data/split_5s/traffic /traffic_9_seg018.wav,data/embeddings/traffic /traffic_9_seg018.npy
traffic ,data/split_5s/traffic /traffic_9_seg019.wav,data/embeddings/traffic /traffic_9_seg019.npy
traffic ,data/split_5s/traffic /traffic_9_seg020.wav,data/embeddings/traffic /traffic_9_seg020.npy
traffic ,data/split_5s/traffic /traffic_9_seg021.wav,data/embeddings/traffic /traffic_9_seg021.npy
traffic ,data/split_5s/traffic /traffic_9_seg022.wav,data/embeddings/traffic /traffic_9_seg022.npy
traffic ,data/split_5s/traffic /traffic_9_seg023.wav,data/embeddings/traffic /traffic_9_seg023.npy
traffic ,data/split_5s/traffic /traffic_9_seg024.wav,data/embeddings/traffic /traffic_9_seg024.npy
traffic ,data/split_5s/traffic /traffic_9_seg025.wav,data/embeddings/traffic /traffic_9_seg025.npy
traffic ,data/split_5s/traffic /traffic_9_seg026.wav,data/embeddings/traffic /traffic_9_seg026.npy
traffic ,data/split_5s/traffic /traffic_9_seg027.wav,data/embeddings/traffic /traffic_9_seg027.npy
traffic ,data/split_5s/traffic /traffic_9_seg028.wav,data/embeddings/traffic /traffic_9_seg028.npy
traffic ,data/split_5s/traffic /traffic_9_seg029.wav,data/embeddings/traffic /traffic_9_seg029.npy
traffic ,data/split_5s/traffic /traffic_9_seg030.wav,data/embeddings/traffic /traffic_9_seg030.npy
traffic ,data/split_5s/traffic /traffic_9_seg031.wav,data/embeddings/traffic /traffic_9_seg031.npy
traffic ,data/split_5s/traffic /traffic_9_seg032.wav,data/embeddings/traffic /traffic_9_seg032.npy
traffic ,data/split_5s/traffic /traffic_9_seg033.wav,data/embeddings/traffic /traffic_9_seg033.npy
traffic ,data/split_5s/traffic /traffic_9_seg034.wav,data/embeddings/traffic /traffic_9_seg034.npy
traffic ,data/split_5s/traffic /traffic_9_seg035.wav,data/embeddings/traffic /traffic_9_seg035.npy
traffic ,data/split_5s/traffic /traffic_9_seg036.wav,data/embeddings/traffic /traffic_9_seg036.npy
traffic ,data/split_5s/traffic /traffic_9_seg037.wav,data/embeddings/traffic /traffic_9_seg037.npy
traffic ,data/split_5s/traffic /traffic_9_seg038.wav,data/embeddings/traffic /traffic_9_seg038.npy
traffic ,data/split_5s/traffic /traffic_9_seg039.wav,data/embeddings/traffic /traffic_9_seg039.npy
traffic ,data/split_5s/traffic /traffic_9_seg040.wav,data/embeddings/traffic /traffic_9_seg040.npy
traffic ,data/split_5s/traffic /traffic_9_seg041.wav,data/embeddings/traffic /traffic_9_seg041.npy
traffic ,data/split_5s/traffic /traffic_9_seg042.wav,data/embeddings/traffic /traffic_9_seg042.npy
elevator,data/split_5s/elevator/elevator_10_seg000.wav,data/embeddings/elevator/elevator_10_seg000.npy
elevator,data/split_5s/elevator/elevator_11_seg000.wav,data/embeddings/elevator/elevator_11_seg000.npy
elevator,data/split_5s/elevator/elevator_11_seg001.wav,data/embeddings/elevator/elevator_11_seg001.npy
elevator,data/split_5s/elevator/elevator_11_seg002.wav,data/embeddings/elevator/elevator_11_seg002.npy
elevator,data/split_5s/elevator/elevator_11_seg003.wav,data/embeddings/elevator/elevator_11_seg003.npy
elevator,data/split_5s/elevator/elevator_11_seg004.wav,data/embeddings/elevator/elevator_11_seg004.npy
elevator,data/split_5s/elevator/elevator_12_seg000.wav,data/embeddings/elevator/elevator_12_seg000.npy
elevator,data/split_5s/elevator/elevator_12_seg001.wav,data/embeddings/elevator/elevator_12_seg001.npy
elevator,data/split_5s/elevator/elevator_12_seg002.wav,data/embeddings/elevator/elevator_12_seg002.npy
elevator,data/split_5s/elevator/elevator_13_seg000.wav,data/embeddings/elevator/elevator_13_seg000.npy
elevator,data/split_5s/elevator/elevator_13_seg001.wav,data/embeddings/elevator/elevator_13_seg001.npy
elevator,data/split_5s/elevator/elevator_13_seg002.wav,data/embeddings/elevator/elevator_13_seg002.npy
elevator,data/split_5s/elevator/elevator_13_seg003.wav,data/embeddings/elevator/elevator_13_seg003.npy
elevator,data/split_5s/elevator/elevator_13_seg004.wav,data/embeddings/elevator/elevator_13_seg004.npy
elevator,data/split_5s/elevator/elevator_13_seg005.wav,data/embeddings/elevator/elevator_13_seg005.npy
elevator,data/split_5s/elevator/elevator_13_seg006.wav,data/embeddings/elevator/elevator_13_seg006.npy
elevator,data/split_5s/elevator/elevator_13_seg007.wav,data/embeddings/elevator/elevator_13_seg007.npy
elevator,data/split_5s/elevator/elevator_13_seg008.wav,data/embeddings/elevator/elevator_13_seg008.npy
elevator,data/split_5s/elevator/elevator_13_seg009.wav,data/embeddings/elevator/elevator_13_seg009.npy
elevator,data/split_5s/elevator/elevator_13_seg010.wav,data/embeddings/elevator/elevator_13_seg010.npy
elevator,data/split_5s/elevator/elevator_13_seg011.wav,data/embeddings/elevator/elevator_13_seg011.npy
elevator,data/split_5s/elevator/elevator_13_seg012.wav,data/embeddings/elevator/elevator_13_seg012.npy
elevator,data/split_5s/elevator/elevator_13_seg013.wav,data/embeddings/elevator/elevator_13_seg013.npy
elevator,data/split_5s/elevator/elevator_13_seg014.wav,data/embeddings/elevator/elevator_13_seg014.npy
elevator,data/split_5s/elevator/elevator_13_seg015.wav,data/embeddings/elevator/elevator_13_seg015.npy
elevator,data/split_5s/elevator/elevator_13_seg016.wav,data/embeddings/elevator/elevator_13_seg016.npy
elevator,data/split_5s/elevator/elevator_13_seg017.wav,data/embeddings/elevator/elevator_13_seg017.npy
elevator,data/split_5s/elevator/elevator_13_seg018.wav,data/embeddings/elevator/elevator_13_seg018.npy
elevator,data/split_5s/elevator/elevator_13_seg019.wav,data/embeddings/elevator/elevator_13_seg019.npy
elevator,data/split_5s/elevator/elevator_13_seg020.wav,data/embeddings/elevator/elevator_13_seg020.npy
elevator,data/split_5s/elevator/elevator_13_seg021.wav,data/embeddings/elevator/elevator_13_seg021.npy
elevator,data/split_5s/elevator/elevator_14_seg000.wav,data/embeddings/elevator/elevator_14_seg000.npy
elevator,data/split_5s/elevator/elevator_14_seg001.wav,data/embeddings/elevator/elevator_14_seg001.npy
elevator,data/split_5s/elevator/elevator_14_seg002.wav,data/embeddings/elevator/elevator_14_seg002.npy
elevator,data/split_5s/elevator/elevator_14_seg003.wav,data/embeddings/elevator/elevator_14_seg003.npy
elevator,data/split_5s/elevator/elevator_14_seg004.wav,data/embeddings/elevator/elevator_14_seg004.npy
elevator,data/split_5s/elevator/elevator_14_seg005.wav,data/embeddings/elevator/elevator_14_seg005.npy
elevator,data/split_5s/elevator/elevator_15_seg000.wav,data/embeddings/elevator/elevator_15_seg000.npy
elevator,data/split_5s/elevator/elevator_15_seg001.wav,data/embeddings/elevator/elevator_15_seg001.npy
elevator,data/split_5s/elevator/elevator_15_seg002.wav,data/embeddings/elevator/elevator_15_seg002.npy
elevator,data/split_5s/elevator/elevator_15_seg003.wav,data/embeddings/elevator/elevator_15_seg003.npy
elevator,data/split_5s/elevator/elevator_15_seg004.wav,data/embeddings/elevator/elevator_15_seg004.npy
elevator,data/split_5s/elevator/elevator_15_seg005.wav,data/embeddings/elevator/elevator_15_seg005.npy
elevator,data/split_5s/elevator/elevator_15_seg006.wav,data/embeddings/elevator/elevator_15_seg006.npy
elevator,data/split_5s/elevator/elevator_16_seg000.wav,data/embeddings/elevator/elevator_16_seg000.npy
elevator,data/split_5s/elevator/elevator_1_seg000.wav,data/embeddings/elevator/elevator_1_seg000.npy
elevator,data/split_5s/elevator/elevator_1_seg001.wav,data/embeddings/elevator/elevator_1_seg001.npy
elevator,data/split_5s/elevator/elevator_2_seg000.wav,data/embeddings/elevator/elevator_2_seg000.npy
elevator,data/split_5s/elevator/elevator_3_seg000.wav,data/embeddings/elevator/elevator_3_seg000.npy
elevator,data/split_5s/elevator/elevator_3_seg001.wav,data/embeddings/elevator/elevator_3_seg001.npy
elevator,data/split_5s/elevator/elevator_3_seg002.wav,data/embeddings/elevator/elevator_3_seg002.npy
elevator,data/split_5s/elevator/elevator_3_seg003.wav,data/embeddings/elevator/elevator_3_seg003.npy
elevator,data/split_5s/elevator/elevator_3_seg004.wav,data/embeddings/elevator/elevator_3_seg004.npy
elevator,data/split_5s/elevator/elevator_3_seg005.wav,data/embeddings/elevator/elevator_3_seg005.npy
elevator,data/split_5s/elevator/elevator_3_seg006.wav,data/embeddings/elevator/elevator_3_seg006.npy
elevator,data/split_5s/elevator/elevator_4_seg000.wav,data/embeddings/elevator/elevator_4_seg000.npy
elevator,data/split_5s/elevator/elevator_4_seg001.wav,data/embeddings/elevator/elevator_4_seg001.npy
elevator,data/split_5s/elevator/elevator_4_seg002.wav,data/embeddings/elevator/elevator_4_seg002.npy
elevator,data/split_5s/elevator/elevator_4_seg003.wav,data/embeddings/elevator/elevator_4_seg003.npy
elevator,data/split_5s/elevator/elevator_5_seg000.wav,data/embeddings/elevator/elevator_5_seg000.npy
elevator,data/split_5s/elevator/elevator_5_seg001.wav,data/embeddings/elevator/elevator_5_seg001.npy
elevator,data/split_5s/elevator/elevator_5_seg002.wav,data/embeddings/elevator/elevator_5_seg002.npy
elevator,data/split_5s/elevator/elevator_5_seg003.wav,data/embeddings/elevator/elevator_5_seg003.npy
elevator,data/split_5s/elevator/elevator_5_seg004.wav,data/embeddings/elevator/elevator_5_seg004.npy
elevator,data/split_5s/elevator/elevator_5_seg005.wav,data/embeddings/elevator/elevator_5_seg005.npy
elevator,data/split_5s/elevator/elevator_5_seg006.wav,data/embeddings/elevator/elevator_5_seg006.npy
elevator,data/split_5s/elevator/elevator_5_seg007.wav,data/embeddings/elevator/elevator_5_seg007.npy
elevator,data/split_5s/elevator/elevator_6_seg000.wav,data/embeddings/elevator/elevator_6_seg000.npy
elevator,data/split_5s/elevator/elevator_7_seg000.wav,data/embeddings/elevator/elevator_7_seg000.npy
elevator,data/split_5s/elevator/elevator_7_seg001.wav,data/embeddings/elevator/elevator_7_seg001.npy
elevator,data/split_5s/elevator/elevator_7_seg002.wav,data/embeddings/elevator/elevator_7_seg002.npy
elevator,data/split_5s/elevator/elevator_7_seg003.wav,data/embeddings/elevator/elevator_7_seg003.npy
elevator,data/split_5s/elevator/elevator_7_seg004.wav,data/embeddings/elevator/elevator_7_seg004.npy
elevator,data/split_5s/elevator/elevator_7_seg005.wav,data/embeddings/elevator/elevator_7_seg005.npy
elevator,data/split_5s/elevator/elevator_7_seg006.wav,data/embeddings/elevator/elevator_7_seg006.npy
elevator,data/split_5s/elevator/elevator_7_seg007.wav,data/embeddings/elevator/elevator_7_seg007.npy
elevator,data/split_5s/elevator/elevator_8_seg000.wav,data/embeddings/elevator/elevator_8_seg000.npy
elevator,data/split_5s/elevator/elevator_9_seg000.wav,data/embeddings/elevator/elevator_9_seg000.npy
